"report_name","year","scope","value","unit","unit_normalized","page","metric_name","display_type"
"Allianz_2022_report.pdf",2019,"1",42,"ktCO₂eq","kt CO2e","92","Allianz Group operational greenhouse gas emissions - Scope 1/Scope 1","Graphic"
"Allianz_2022_report.pdf",2020,"1",28714,"t CO2e","t CO2e","78","Scope 1 – Direct GHG emissions","Table"
"Allianz_2022_report.pdf",2020,"1",29,"ktCO₂eq","kt CO2e","92","Allianz Group operational greenhouse gas emissions - Scope 1/Scope 1","Graphic/Table"
"Allianz_2022_report.pdf",2021,"1",28699,"t CO2e","t CO2e","78","Scope 1 – Direct GHG emissions","Table"
"Allianz_2022_report.pdf",2021,"1",29,"ktCO₂eq","kt CO2e","92","Allianz Group operational greenhouse gas emissions - Scope 1/Scope 1","Graphic"
"Allianz_2022_report.pdf",2022,"1",30953,"t CO2e","t CO2e","78","Scope 1 – Direct GHG emissions","Table"
"Allianz_2022_report.pdf",2022,"1",31,"ktCO₂eq","kt CO2e","92","Allianz Group operational greenhouse gas emissions - Scope 1/Scope 1","Graphic"
"Allianz_2022_report.pdf",2020,"2lb",180826,"t CO2e","t CO2e","78","Scope 2 – Indirect GHG emissions (location based)","Table"
"Allianz_2022_report.pdf",2021,"2lb",149599,"t CO2e","t CO2e","78","Scope 2 – Indirect GHG emissions (location based)","Table"
"Allianz_2022_report.pdf",2022,"2lb",138339,"t CO2e","t CO2e","78","Scope 2 – Indirect GHG emissions (location based)","Table"
"Allianz_2022_report.pdf",2019,"2mb",143,"ktCO₂eq","kt CO2e","92","Scope 2 – market based","Graphic"
"Allianz_2022_report.pdf",2020,"2mb",100722,"t CO2e","t CO2e","78","Scope 2 – Indirect GHG emissions (market based)/Scope 2 – Indirect GHG emissions (market based)","Table"
"Allianz_2022_report.pdf",2020,"2mb",101,"ktCO₂eq","kt CO2e","92","Allianz Group operational greenhouse gas emissions - Scope 2 - market based","Graphic"
"Allianz_2022_report.pdf",2021,"2mb",54689,"t CO2e","t CO2e","78","Scope 2 – Indirect GHG emissions (market based)/Scope 2 – Indirect GHG emissions (market based)","Table"
"Allianz_2022_report.pdf",2021,"2mb",55,"ktCO₂eq","kt CO2e","92","Allianz Group operational greenhouse gas emissions - Scope 2 - market based","Graphic"
"Allianz_2022_report.pdf",2022,"2mb",30490,"t CO2e","t CO2e","78","Scope 2 – Indirect GHG emissions (market based)/Scope 2 – Indirect GHG emissions (market based)","Table"
"Allianz_2022_report.pdf",2022,"2mb",30,"ktCO₂eq","kt CO2e","92","Allianz Group operational greenhouse gas emissions - Scope 2 - market based","Graphic"
"Allianz_2022_report.pdf",2019,"3",149,"ktCO₂eq","kt CO2e","92","Allianz Group operational greenhouse gas emissions - Scope 3","Graphic"
"Allianz_2022_report.pdf",2020,"3",73916,"t CO2e","t CO2e","78","Scope 3 – Other indirect GHG emissions","Table"
"Allianz_2022_report.pdf",2020,"3",74,"ktCO₂eq","kt CO2e","92","Allianz Group operational greenhouse gas emissions - Scope 3","Graphic"
"Allianz_2022_report.pdf",2021,"3",55359,"t CO2e","t CO2e","78","Scope 3 – Other indirect GHG emissions","Table"
"Allianz_2022_report.pdf",2021,"3",55,"ktCO₂eq","kt CO2e","92","Allianz Group operational greenhouse gas emissions - Scope 3","Graphic"
"Allianz_2022_report.pdf",2022,"3",92467,"t CO2e","t CO2e","78","Scope 3 – Other indirect GHG emissions","Table"
"Allianz_2022_report.pdf",2022,"3",92,"ktCO₂eq","kt CO2e","92","Allianz Group operational greenhouse gas emissions - Scope 3","Graphic"
"Daimler_2020_report.pdf",2016,"1",1056,"thousand tonnes","kt","63","CO2 direct (Scope 1)","Table"
"Daimler_2020_report.pdf",2017,"1",1192,"thousand tonnes","kt","63","CO2 direct (Scope 1)","Table"
"Daimler_2020_report.pdf",2018,"1",1247,"thousand tonnes","kt","63","CO2 direct (Scope 1)","Table"
"Daimler_2020_report.pdf",2019,"1",1239,"thousand tonnes","kt","63","CO2 direct (Scope 1)","Table"
"Daimler_2020_report.pdf",2020,"1",1027,"thousand tonnes","kt","63","CO2 direct (Scope 1)","Table"
"Daimler_2020_report.pdf",2016,"2lb",2141,"CO2 emissions from energy consumption (in 1,000 t)","CO2 emissions from energy consumption (in 1,000 t)","63","CO2 indirect (Scope 2) - location-based","Table"
"Daimler_2020_report.pdf",2017,"2lb",2041,"CO2 emissions from energy consumption (in 1,000 t)","CO2 emissions from energy consumption (in 1,000 t)","63","CO2 indirect (Scope 2) - location-based","Table"
"Daimler_2020_report.pdf",2018,"2lb",1985,"CO2 emissions from energy consumption (in 1,000 t)","CO2 emissions from energy consumption (in 1,000 t)","63","CO2 indirect (Scope 2) - location-based","Table"
"Daimler_2020_report.pdf",2019,"2lb",1706,"CO2 emissions from energy consumption (in 1,000 t)","CO2 emissions from energy consumption (in 1,000 t)","63","CO2 indirect (Scope 2) - location-based","Table"
"Daimler_2020_report.pdf",2020,"2lb",1492,"CO2 emissions from energy consumption (in 1,000 t)","CO2 emissions from energy consumption (in 1,000 t)","63","CO2 indirect (Scope 2) - location-based","Table"
"Daimler_2020_report.pdf",2016,"2mb",1882,"thousand tonnes","kt","63","CO2 indirect (Scope 2) - market-based","Table"
"Daimler_2020_report.pdf",2017,"2mb",1763,"thousand tonnes","kt","63","CO2 indirect (Scope 2) - market-based","Table"
"Daimler_2020_report.pdf",2018,"2mb",1687,"thousand tonnes","kt","63","CO2 indirect (Scope 2) - market-based","Table"
"Daimler_2020_report.pdf",2019,"2mb",1276,"thousand tonnes","kt","63","CO2 indirect (Scope 2) - market-based","Table"
"Daimler_2020_report.pdf",2020,"2mb",1035,"thousand tonnes","kt","63","CO2 indirect (Scope 2) - market-based","Table"
"Fresenius SE_2019_report.pdf",2018,"1",521,"t CO2 equivalents in thousands","kt CO2e","126","Scope 1","Table"
"Fresenius SE_2019_report.pdf",2019,"1",517,"t CO2 equivalents in thousands","kt CO2e","126","Scope 1","Table"
"Fresenius SE_2019_report.pdf",2018,"2lb",1013,"t CO2 equivalents in thousands","kt CO2e","126","Scope 2","Table"
"Fresenius SE_2019_report.pdf",2019,"2lb",992,"t CO2 equivalents in thousands","kt CO2e","126","Scope 2","Table"
"acuity brands inc_2022_report.pdf",2022,"1",34327,"MtCO2e","Mt CO2e","101","FY 2022 Scope 1 Emissions","Text/Table"
"acuity brands inc_2022_report.pdf",2022,"1",34327,"MT CO2e","MT CO2e","99","Total Scope 1","Table"
"acuity brands inc_2022_report.pdf",2022,"2lb",46637,"MtCO2e","Mt CO2e","101","FY 2022 Scope 2 Emissions (Location based)","Table/Text"
"acuity brands inc_2022_report.pdf",2022,"2mb",42234,"MtCO2e","Mt CO2e","101","FY 2022 Scope 2 Emissions (Market based)","Table"
"acuity brands inc_2022_report.pdf",2022,"2mb",42234,"MT CO2e","MT CO2e","99","Total Scope 2 market-based/Total Scope 2","Table"
"acuity brands inc_2022_report.pdf",2022,"3",35119419,"MT CO2e","MT CO2e","99","Total Scope 3","Table"
"addtech_2022_report.pdf",2019,"1",2071,"tonnes CO2e","t CO2e","73","SCOPE 1/Emissions of greenhouse gases - Scope 1","Table"
"addtech_2022_report.pdf",2020,"1",1910,"tonnes CO2e","t CO2e","73","SCOPE 1/Emissions of greenhouse gases - Scope 1","Table"
"addtech_2022_report.pdf",2021,"1",2041,"tonnes CO2e","t CO2e","73","SCOPE 1/Emissions of greenhouse gases - Scope 1","Table"
"addtech_2022_report.pdf",2019,"2lb",3979,"tonnes CO2e","t CO2e","73","Emissions, energy consumption – Location Based Method /Emissions, energy consumption – Location Based Method (tonnes CO 2 e)","Table"
"addtech_2022_report.pdf",2020,"2lb",3395,"tonnes CO2e","t CO2e","73","Emissions, energy consumption – Location Based Method /Emissions, energy consumption – Location Based Method (tonnes CO 2 e)","Table"
"addtech_2022_report.pdf",2021,"2lb",3709,"tonnes CO2e","t CO2e","73","Emissions, energy consumption – Location Based Method /Emissions, energy consumption – Location Based Method (tonnes CO 2 e)","Table"
"addtech_2022_report.pdf",2020,"2mb",4250,"tonnes CO2e","t CO2e","73","Emissions, energy consumption – Market Based Method (tonnes CO 2 e)","Table"
"addtech_2022_report.pdf",2021,"2mb",4087,"tonnes CO2e","t CO2e","73","Emissions, energy consumption – Market Based Method (tonnes CO 2 e)","Table"
"addtech_2022_report.pdf",2019,"3",23132,"tonnes CO2e","t CO2e","73","SCOPE 3/Emissions of greenhouse gases - Scope 3","Table"
"addtech_2022_report.pdf",2020,"3",19860,"tonnes CO2e","t CO2e","73","SCOPE 4/Emissions of greenhouse gases - Scope 3","Table"
"addtech_2022_report.pdf",2021,"3",22961,"tonnes CO2e","t CO2e","73","SCOPE 5/Emissions of greenhouse gases - Scope 3","Table"
"aixtron_2020_report.pdf",2019,"1",170.8,"tonnes of CO2 equivalents","t CO2e","50","Scope 1 emissions","Text"
"aixtron_2020_report.pdf",2020,"1",322.84,"metric tons of CO2 equivalents","t CO2e","49","Scope 1 – Direct","Illustration"
"aixtron_2020_report.pdf",2020,"1",322.84,"tonnes of CO2 equivalents","t CO2e","50","Scope 1 emissions","Text"
"aixtron_2020_report.pdf",2019,"2lb",406.6,"tonnes of CO2 equivalents","t CO2e","50","Scope 2 emissions","Text"
"aixtron_2020_report.pdf",2020,"2lb",398.14,"metric tons of CO2 equivalents","t CO2e","49","Scope 2 – Indirect","Illustration"
"aixtron_2020_report.pdf",2020,"2lb",398.14,"tonnes of CO2 equivalents","t CO2e","50","Scope 2 emissions","Text"
"aixtron_2020_report.pdf",2019,"3",3637.97,"tonnes of CO2 equivalents","t CO2e","50","Scope 3 emissions","Text"
"aixtron_2020_report.pdf",2020,"3",1310.1,"metric tons of CO2 equivalents","t CO2e","49","Scope 3 – Indirect","Illustration"
"aixtron_2020_report.pdf",2020,"3",1310.1,"tonnes of CO2 equivalents","t CO2e","50","Scope 3 emissions","Text"
"allfunds group_2021_report.pdf",2019,"1",68.51,"tCO2e","t CO2e","142","Scope 1 CO 2 emissions","Table"
"allfunds group_2021_report.pdf",2020,"1",0,"tCO2e","t CO2e","142","Scope 1 CO 2 emissions","Table"
"allfunds group_2021_report.pdf",2021,"1",7.31,"t CO2eq","t CO2e","125","Scope 1 /Scope 1","Table"
"allfunds group_2021_report.pdf",2021,"1",7.31,"tCO2e","t CO2e","142","Scope 1 CO 2 emissions","Table"
"allfunds group_2021_report.pdf",2019,"2lb",436.43,"tCO2e","t CO2e","142","Scope 2 CO 2 emissions","Table"
"allfunds group_2021_report.pdf",2020,"2lb",91.69,"tCO2e","t CO2e","142","Scope 2 CO 2 emissions","Table"
"allfunds group_2021_report.pdf",2021,"2lb",30.39,"t CO2eq","t CO2e","125","Scope 2","Table"
"allfunds group_2021_report.pdf",2021,"2lb",30.39,"tCO2e","t CO2e","142","Scope 2 CO 2 emissions","Table"
"americold realty inc_2022_report.pdf",2021,"1",72314,"MTCO2e","MT CO2e","53","Scope 1 Emissions/Scope 1 Emissions","Table"
"americold realty inc_2022_report.pdf",2022,"1",102340,"MTCO2e","MT CO2e","53","Scope 1 Emissions/Scope 1 Emissions","Table"
"americold realty inc_2022_report.pdf",2021,"2mb",556660,"MTCO2e","MT CO2e","53","Market-Based Scope 2 Emissions/Market-Based Scope 2 Emissions","Table"
"americold realty inc_2022_report.pdf",2022,"2mb",554491,"MTCO2e","MT CO2e","53","Market-Based Scope 2 Emissions/Market-Based Scope 2 Emissions","Table"
"americold realty inc_2022_report.pdf",2021,"3",1067697,"MTCO2e","MT CO2e","53","Scope 3 Emissions/Scope 3 Emissions","Table"
"americold realty inc_2022_report.pdf",2022,"3",611634,"MTCO2e","MT CO2e","53","Scope 3 Emissions/Scope 3 Emissions","Table"
"apollo commercial real estate fina_2019_report.pdf",2019,"1",170,"MT CO2e","MT CO2e","5","Scope 1 GHG Emissions/Scope 1 GHG Emissions","Table"
"apollo commercial real estate fina_2019_report.pdf",2019,"2lb",2616,"MT CO2e","MT CO2e","5","Scope 2 GHG Emissions/Scope 2 GHG Emissions","Table"
"apollo commercial real estate fina_2019_report.pdf",2019,"3",2333,"MT CO2e","MT CO2e","5","Scope 3 GHG Emissions/Scope 3 GHG Emissions","Table"
"atlas arteria_2019_report.pdf",2016,"1",6182,"tonnes CO2e","t CO2e","9","Scope 1","Table"
"atlas arteria_2019_report.pdf",2017,"1",6541,"tonnes CO2e","t CO2e","9","Scope 1","Table"
"atlas arteria_2019_report.pdf",2018,"1",5942,"tonnes CO2e","t CO2e","9","Scope 1","Table"
"atlas arteria_2019_report.pdf",2019,"1",6027,"tonnes CO2e","t CO2e","9","Scope 1","Table"
"atlas arteria_2019_report.pdf",2016,"2lb",1291,"tonnes CO2e","t CO2e","9","Scope 2","Table"
"atlas arteria_2019_report.pdf",2017,"2lb",1244,"tonnes CO2e","t CO2e","9","Scope 2","Table"
"atlas arteria_2019_report.pdf",2018,"2lb",957,"tonnes CO2e","t CO2e","9","Scope 2","Table"
"atlas arteria_2019_report.pdf",2019,"2lb",773,"tonnes CO2e","t CO2e","9","Scope 2","Table"
"autoneum holding_2019_report.pdf",2017,"1",81077,"metric tons CO2 equivalents","t CO2e","27","Scope 1/CO2 Emissions Scope 1","Table"
"autoneum holding_2019_report.pdf",2018,"1",109577,"metric tons CO2 equivalents","t CO2e","27","Scope 3/CO2 Emissions Scope 1","Table"
"autoneum holding_2019_report.pdf",2019,"1",116274,"metric tons CO2 equivalents","t CO2e","27","Scope 5/CO2 Emissions Scope 1","Table"
"autoneum holding_2019_report.pdf",2017,"2lb",235014,"metric tons CO2 equivalents","t CO2e","27","Scope 2/CO2 Emissions Scope 2","Table"
"autoneum holding_2019_report.pdf",2018,"2lb",256550,"metric tons CO2 equivalents","t CO2e","27","Scope 2/CO2 Emissions Scope 3","Table"
"autoneum holding_2019_report.pdf",2019,"2lb",264287,"metric tons CO2 equivalents","t CO2e","27","Scope 2/CO2 Emissions Scope 4","Table"
"balanced commercial property trust_2020_report.pdf",2019,"1",772607,"kg CO₂e","kg CO2e","34","Emissions from Scope 1 usage","Table"
"balanced commercial property trust_2020_report.pdf",2020,"1",694329,"kg CO₂e","kg CO2e","34","Emissions from Scope 1 usage","Table"
"balanced commercial property trust_2020_report.pdf",2019,"2lb",1361302,"kg CO2e","kg CO2e","34","Emissions from Scope 2 usage","Table"
"balanced commercial property trust_2020_report.pdf",2020,"2lb",1086109,"kg CO₂e","kg CO2e","34","Emissions from Scope 2 usage","Table"
"bekaert (d) sa_2022_report.pdf",2022,"1",316951,"ton CO2","ton CO2","272","Scope 1 GHG emissions [natural gas, LPG and fuel ]","Other"
"bekaert (d) sa_2022_report.pdf",2019,"3",6045636,"ton CO2e","ton CO2e","276","Total Scope 3 emissions/Total Scope 3 emission","Table"
"bekaert (d) sa_2022_report.pdf",2021,"3",6736962,"ton CO2e","ton CO2e","276","Total Scope 3 emissions/Total Scope 3 emission","Table"
"bekaert (d) sa_2022_report.pdf",2022,"3",6187086,"ton CO2e","ton CO2e","276","Total Scope 3 emissions/Total Scope 3 emission","Table"
"blackberry ltd_2022_report.pdf",2016,"1",6748,"metric tons CO2e","t CO2e","21","TOTAL SCOPE 1","Table"
"blackberry ltd_2022_report.pdf",2017,"1",5091,"metric tons CO2e","t CO2e","21","TOTAL SCOPE 1","Table"
"blackberry ltd_2022_report.pdf",2018,"1",4158,"metric tons CO2e","t CO2e","21","TOTAL SCOPE 1","Table"
"blackberry ltd_2022_report.pdf",2019,"1",3658,"metric tons CO2e","t CO2e","21","TOTAL SCOPE 1","Table"
"blackberry ltd_2022_report.pdf",2020,"1",2476,"metric tons CO2e","t CO2e","21","TOTAL SCOPE 1","Table"
"blackberry ltd_2022_report.pdf",2016,"2lb",23301,"metric tons CO2e","t CO2e","22","TOTAL SCOPE 2 EMISSIONS (Location-based)","Table"
"blackberry ltd_2022_report.pdf",2017,"2lb",13371,"metric tons CO2e","t CO2e","22","TOTAL SCOPE 2 EMISSIONS (Location-based)","Table"
"blackberry ltd_2022_report.pdf",2018,"2lb",3708,"metric tons CO2e","t CO2e","22","TOTAL SCOPE 2 EMISSIONS (Location-based)","Table"
"blackberry ltd_2022_report.pdf",2019,"2lb",3906,"metric tons of carbon dioxide equivalents (CO2e)","t CO2e","22","TOTAL SCOPE 2 EMISSIONS (Location-based)","Table"
"blackberry ltd_2022_report.pdf",2020,"2lb",3293,"metric tons of carbon dioxide equivalents (CO2e)","t CO2e","22","TOTAL SCOPE 2 EMISSIONS (Location-based)","Table"
"blackberry ltd_2022_report.pdf",2016,"2mb",24525,"metric tons CO2e","t CO2e","22","TOTAL SCOPE 2 EMISSIONS (Market-based, where available)","Table"
"blackberry ltd_2022_report.pdf",2017,"2mb",13406,"metric tons CO2e","t CO2e","22","TOTAL SCOPE 2 EMISSIONS (Market-based, where available)","Table"
"blackberry ltd_2022_report.pdf",2018,"2mb",4145,"metric tons CO2e","t CO2e","22","TOTAL SCOPE 2 EMISSIONS (Market-based, where available)","Table"
"blackberry ltd_2022_report.pdf",2019,"2mb",4246,"metric tons CO2e","t CO2e","22","TOTAL SCOPE 2 EMISSIONS (Market-based, where available)","Table"
"blackberry ltd_2022_report.pdf",2020,"2mb",3611,"metric tons CO2e","t CO2e","22","TOTAL SCOPE 2 EMISSIONS (Market-based, where available)","Table"
"blackberry ltd_2022_report.pdf",2016,"3",7065,"metric tons CO2e","t CO2e","22","TOTAL SCOPE 3 EMISSIONS","Table"
"blackberry ltd_2022_report.pdf",2017,"3",5191,"metric tons CO2e","t CO2e","22","TOTAL SCOPE 3 EMISSIONS","Table"
"blackberry ltd_2022_report.pdf",2018,"3",5306,"metric tons CO2e","t CO2e","22","TOTAL SCOPE 3 EMISSIONS","Table"
"blackberry ltd_2022_report.pdf",2019,"3",5772,"metric tons CO2e","t CO2e","22","TOTAL SCOPE 3 EMISSIONS","Table"
"blackberry ltd_2022_report.pdf",2020,"3",1602,"metric tons CO2e","t CO2e","22","TOTAL SCOPE 3 EMISSIONS","Table"
"blackline safety_2021_report.pdf",2020,"1",165.6,"MT CO2e","MT CO2e","19","Scope 1 - MT CO2e","Table"
"blackline safety_2021_report.pdf",2021,"1",215,"MT CO2e","MT CO2e","19","Scope 1 - MT CO2e","Table"
"blackline safety_2021_report.pdf",2020,"2lb",227.4,"MT CO2e","MT CO2e","19","Scope 2 - MT CO2e","Table"
"blackline safety_2021_report.pdf",2021,"2lb",576,"MT CO2e","MT CO2e","19","Scope 2 - MT CO2e","Table"
"blackline safety_2021_report.pdf",2020,"3",1661.2,"MT CO2e","MT CO2e","19","Scope 3 - MT CO2e","Table"
"blackline safety_2021_report.pdf",2021,"3",1606.2,"MT CO2e","MT CO2e","19","Scope 3 - MT CO2e","Table"
"cabot corp_2018_report.pdf",2016,"1",4.5,"MM MT CO2e","MM MT CO2e","22","SCOPE 1 MM MT CO2e/GHG EMISSIONS SCOPE 1","Table"
"cabot corp_2018_report.pdf",2017,"1",4.58,"MM MT CO2e","MM MT CO2e","22","SCOPE 1 MM MT CO2e/GHG EMISSIONS SCOPE 1","Table"
"cabot corp_2018_report.pdf",2018,"1",4.77,"MM MT CO2e","MM MT CO2e","22","SCOPE 1 MM MT CO2e/GHG EMISSIONS SCOPE 1","Table"
"cabot corp_2018_report.pdf",2016,"2lb",0.34,"MM MT CO2e","MM MT CO2e","22","SCOPE 2 MM MT CO2e/GHG EMISSIONS SCOPE 2","Table"
"cabot corp_2018_report.pdf",2017,"2lb",0.33,"MM MT CO2e","MM MT CO2e","22","SCOPE 2 MM MT CO2e/GHG EMISSIONS SCOPE 2","Table"
"cabot corp_2018_report.pdf",2018,"2lb",0.32,"MM MT CO2e","MM MT CO2e","22","SCOPE 2 MM MT CO2e/GHG EMISSIONS SCOPE 2","Table"
"cardinal energy ltd_2021_report.pdf",2019,"1",188,"10^3 tonnes CO2e","kt CO2e","19","Direct GHG emissions","Table"
"cardinal energy ltd_2021_report.pdf",2020,"1",160,"10^3 tonnes CO2e","kt CO2e","19","Direct GHG emissions","Table"
"cardinal energy ltd_2021_report.pdf",2021,"1",231,"10^3 tonnes CO2e","kt CO2e","19","Direct GHG emissions","Table"
"cardinal energy ltd_2021_report.pdf",2019,"2lb",277,"10^3 tonnes CO2e","kt CO2e","19","Indirect GHG emissions /Indirect GHG emissions","Table"
"cardinal energy ltd_2021_report.pdf",2020,"2lb",259,"10^3 tonnes CO2e","kt CO2e","19","Indirect GHG emissions /Indirect GHG emissions","Table"
"cardinal energy ltd_2021_report.pdf",2021,"2lb",228,"10^3 tonnes CO2e","kt CO2e","19","Indirect GHG emissions /Indirect GHG emissions","Table"
"centurylink_2019_report.pdf",2018,"1",286,"Thousands Metric tons CO2e","kt CO2e","11","GHG Scope 1","Table"
"centurylink_2019_report.pdf",2018,"2mb",1911,"Thousands Metric tons CO2e","kt CO2e","11","GHG Scope 2 market based","Table"
"centurylink_2019_report.pdf",2018,"3",2179,"Thousands Metric tons CO2e","kt CO2e","11","GHG Scope 3 emissions","Table"
"jpmorgan chase_2020_report.pdf",2017,"1",78229,"MtCO2e","Mt CO2e","32","Scope 1 - direct/Scope 1 — direct","Table"
"jpmorgan chase_2020_report.pdf",2018,"1",83101,"MtCO2e","Mt CO2e","32","Scope 1 - direct/Scope 1 — direct","Table"
"jpmorgan chase_2020_report.pdf",2019,"1",81655,"MtCO2e","Mt CO2e","32","Scope 1 - direct/Scope 1 — direct","Table"
"jpmorgan chase_2020_report.pdf",2020,"1",69570,"MtCO2e","Mt CO2e","29","Scope 1 - direct/Scope 1 Direct emissions from owned or controlled sources","Table/Illustration"
"jpmorgan chase_2020_report.pdf",2020,"1",69570,"MtCO2e","Mt CO2e","32","Scope 1 - direct/Scope 1 — direct","Table"
"jpmorgan chase_2020_report.pdf",2017,"2lb",770704,"MtCO2e","Mt CO2e","32","Scope 2 location - indirect/Scope 2 (location) — indirect","Table"
"jpmorgan chase_2020_report.pdf",2018,"2lb",739458,"MtCO2e","Mt CO2e","32","Scope 2 location - indirect/Scope 2 (location) — indirect","Table"
"jpmorgan chase_2020_report.pdf",2019,"2lb",692299,"MtCO2e","Mt CO2e","32","Scope 2 location - indirect/Scope 2 (location) — indirect","Table"
"jpmorgan chase_2020_report.pdf",2020,"2lb",660601,"MtCO2e","Mt CO2e","32","Scope 2 location - indirect/Scope 2 (location) — indirect","Table"
"jpmorgan chase_2020_report.pdf",2017,"2mb",596843,"MtCO2e","Mt CO2e","32","Scope 2 market - indirect/Scope 2 (market) — indirect","Table"
"jpmorgan chase_2020_report.pdf",2018,"2mb",572067,"MtCO2e","Mt CO2e","32","Scope 2 market - indirect/Scope 2 (market) — indirect","Table"
"jpmorgan chase_2020_report.pdf",2019,"2mb",556142,"MtCO2e","Mt CO2e","32","Scope 2 market - indirect/Scope 2 (market) — indirect","Table"
"jpmorgan chase_2020_report.pdf",2020,"2mb",4187,"MtCO2e","Mt CO2e","32","Scope 2 market - indirect/Scope 2 (market) — indirect","Table"
"jpmorgan chase_2020_report.pdf",2017,"3",187020,"MtCO2e","Mt CO2e","32","Scope 3/Scope 3 (category 6 — business travel)","Table"
"jpmorgan chase_2020_report.pdf",2018,"3",176356,"MtCO2e","Mt CO2e","32","Scope 3/Scope 3 (category 6 — business travel)","Table"
"jpmorgan chase_2020_report.pdf",2019,"3",181004,"MtCO2e","Mt CO2e","32","Scope 3/Scope 3 (category 6 — business travel)","Table"
"jpmorgan chase_2020_report.pdf",2020,"3",36169,"MtCO2e","Mt CO2e","29","Scope 3/Scope 3 Other indirect emissions sources","Table/Illustration"
"jpmorgan chase_2020_report.pdf",2020,"3",36169,"MtCO2e","Mt CO2e","32","Scope 3/Scope 3 (category 6 — business travel)","Table"
"ctbc holding_2020_report.pdf",2016,"1",1975,"Metric tons of CO2e","t CO2e","61","Scope 1","Graphic"
"ctbc holding_2020_report.pdf",2017,"1",2864,"Metric tons of CO2e","t CO2e","61","Scope 1","Graphic"
"ctbc holding_2020_report.pdf",2018,"1",4820,"Metric tons of CO2e","t CO2e","61","Scope 1","Graphic"
"ctbc holding_2020_report.pdf",2019,"1",5963,"Metric tons of CO2e","t CO2e","61","Scope 1","Graphic"
"ctbc holding_2020_report.pdf",2020,"1",3596,"Metric tons of CO2e","t CO2e","61","Scope 1","Graphic"
"ctbc holding_2020_report.pdf",2016,"2lb",30660,"Metric tons of CO2e","t CO2e","61","Scope 2","Graphic"
"ctbc holding_2020_report.pdf",2017,"2lb",40517,"Metric tons of CO2e","t CO2e","61","Scope 2","Graphic"
"ctbc holding_2020_report.pdf",2018,"2lb",42052,"Metric tons of CO2e","t CO2e","61","Scope 2","Graphic"
"ctbc holding_2020_report.pdf",2019,"2lb",52918,"Metric tons of CO2e","t CO2e","61","Scope 2","Graphic"
"ctbc holding_2020_report.pdf",2020,"2lb",38310,"Metric tons of CO2e","t CO2e","61","Scope 2","Graphic"
"ctbc holding_2020_report.pdf",2016,"3",1605,"Metric tons of CO2e","t CO2e","61","Scope 2/Scope 3","Graphic"
"ctbc holding_2020_report.pdf",2017,"3",1416,"Metric tons of CO2e","t CO2e","61","Scope 2/Scope 3","Graphic"
"ctbc holding_2020_report.pdf",2018,"3",1506,"Metric tons of CO2e","t CO2e","61","Scope 2/Scope 3","Graphic"
"ctbc holding_2020_report.pdf",2019,"3",1518,"Metric tons of CO2e","t CO2e","61","Scope 2/Scope 3","Graphic"
"ctbc holding_2020_report.pdf",2020,"3",167,"Metric tons of CO2e","t CO2e","61","Scope 2/Scope 3","Graphic"
"comerica inc_2019_report.pdf",2012,"1",6950,"metric tons of CO2e","t CO2e","44","Scope 1 GHG emissions- natural gas, jet fuel, diesel, gasoline, and refrigerants","Table"
"comerica inc_2019_report.pdf",2018,"1",6371,"metric tons of CO2e","t CO2e","44","Scope 1 GHG emissions- natural gas, jet fuel, diesel, gasoline, and refrigerants/Scope 1 ghg emissions","Table"
"comerica inc_2019_report.pdf",2019,"1",6304,"metric tons of CO2e","t CO2e","44","Scope 1 GHG emissions- natural gas, jet fuel, diesel, gasoline, and refrigerants/Scope 1 ghg emissions","Table"
"comerica inc_2019_report.pdf",2012,"2lb",74784,"metric tons of CO2e","t CO2e","44","Scope 2 GHG emissions- electricity, steam, and chilled water in company-controlled buildings","Table"
"comerica inc_2019_report.pdf",2018,"2lb",39916,"metric tons of CO2e","t CO2e","44","Scope 2 GHG emissions- electricity, steam, and chilled water in company-controlled buildings/Scope 2 ghg emissions","Table"
"comerica inc_2019_report.pdf",2019,"2lb",36316,"metric tons of CO2e","t CO2e","44","Scope 2 GHG emissions- electricity, steam, and chilled water in company-controlled buildings/Scope 2 ghg emissions","Table"
"cubesmart reit_2021_report.pdf",2019,"1",7398,"MTCO2e","MT CO2e","19","Carbon Emissions - Scope 1","Table"
"cubesmart reit_2021_report.pdf",2020,"1",5835,"MTCO2e","MT CO2e","19","Carbon Emissions - Scope 1","Table"
"cubesmart reit_2021_report.pdf",2021,"1",6436,"MTCO2e","MT CO2e","19","Carbon Emissions - Scope 1","Table"
"cubesmart reit_2021_report.pdf",2019,"2lb",27984,"MTCO2e","MT CO2e","19","Carbon Emissions - Scope 2","Table"
"cubesmart reit_2021_report.pdf",2020,"2lb",25276,"MTCO2e","MT CO2e","19","Carbon Emissions - Scope 2","Table"
"cubesmart reit_2021_report.pdf",2021,"2lb",23918,"MTCO2e","MT CO2e","19","Carbon Emissions - Scope 2","Table"
"cytokinetics inc_2022_report.pdf",2022,"1",0.67,"metric kilotons CO2e","kt CO2e","22","Scope 1 - fuels, natural gas, refrigerants/Scope 1 (fuels, natural gas, refrigerants)","Table"
"cytokinetics inc_2022_report.pdf",2022,"2lb",0.83,"metric kilotons CO2e","kt CO2e","22","Scope 2 - electricity use/Scope 2 (electricity use)","Table"
"dampskibsselskabet norden_2019_report.pdf",2017,"1",3757,"1,000 tonnes","kt","63","Direct CO2 emissions (Scope 1 GhG protocol)","Table"
"dampskibsselskabet norden_2019_report.pdf",2018,"1",3829,"1,000 tonnes","kt","63","Direct CO2 emissions (Scope 1 GhG protocol)","Table"
"dampskibsselskabet norden_2019_report.pdf",2019,"1",4088,"1,000 tonnes","kt","63","Direct CO2 emissions (Scope 1 GhG protocol)","Table"
"dampskibsselskabet norden_2019_report.pdf",2017,"2lb",0.4,"CO2 emissions (1,000 tonnes)","CO2 emissions (1,000 tonnes)","63","Indirect CO2 emissions (Scope 2 GhG protocol)","Table"
"dampskibsselskabet norden_2019_report.pdf",2018,"2lb",0.4,"CO2 emissions (1,000 tonnes)","CO2 emissions (1,000 tonnes)","63","Indirect CO2 emissions (Scope 2 GhG protocol)","Table"
"dampskibsselskabet norden_2019_report.pdf",2019,"2lb",0.2,"CO2 emissions (1,000 tonnes)","CO2 emissions (1,000 tonnes)","63","Indirect CO2 emissions (Scope 2 GhG protocol)","Table"
"dampskibsselskabet norden_2019_report.pdf",2017,"3",3.3,"1,000 tonnes","kt","63","Other indirect CO2 emissions (Scope 3 GhG protocol)","Table"
"dampskibsselskabet norden_2019_report.pdf",2018,"3",3,"1,000 tonnes","kt","63","Other indirect CO2 emissions (Scope 3 GhG protocol)","Table"
"dampskibsselskabet norden_2019_report.pdf",2019,"3",3.6,"1,000 tonnes","kt","63","Other indirect CO2 emissions (Scope 3 GhG protocol)","Table"
"dksh holding_2021_report.pdf",2019,"1",7589,"metric tons CO2 equivalent","t CO2e","17","Fuel and refrigerants (Scope 1)","Graphic"
"dksh holding_2021_report.pdf",2019,"1",7589,"metric tons CO2 equivalent","t CO2e","29","Fuel and refrigerants (Scope 1)","Graphic"
"dksh holding_2021_report.pdf",2020,"1",4970,"metric tons CO2 equivalent","t CO2e","17","Fuel and refrigerants (Scope 1)","Graphic"
"dksh holding_2021_report.pdf",2020,"1",4970,"metric tons CO2 equivalent","t CO2e","29","Fuel and refrigerants (Scope 1)","Graphic"
"dksh holding_2021_report.pdf",2021,"1",5046,"metric tons CO2 equivalent","t CO2e","17","Fuel and refrigerants (Scope 1)","Graphic"
"dksh holding_2021_report.pdf",2021,"1",5046,"metric tons CO2 equivalent","t CO2e","29","Fuel and refrigerants (Scope 1)","Graphic"
"dksh holding_2021_report.pdf",2021,"1",5046,"t CO2e","t CO2e","73","Scope 1 emissions","Text"
"dksh holding_2021_report.pdf",2019,"2lb",55318,"metric tons CO2 equivalent","t CO2e","29","Electricity (Scope 2)","Graphic"
"dksh holding_2021_report.pdf",2020,"2lb",52906,"metric tons CO2 equivalent","t CO2e","29","Electricity (Scope 2)","Graphic"
"dksh holding_2021_report.pdf",2021,"2lb",54521,"metric tons CO2 equivalent","t CO2e","29","Electricity (Scope 2)","Graphic"
"dksh holding_2021_report.pdf",2021,"2lb",54521,"t CO2e","t CO2e","73","Scope 2; gross location-based emissions for electricity","Text"
"dksh holding_2021_report.pdf",2021,"2lb",54521,"metric tonnes of CO2 equivalent","metric tonnes of CO2 equivalent","74","Scope 2 emissions","Text"
"dksh holding_2021_report.pdf",2019,"2mb",55318,"metric tons CO2 equivalent","t CO2e","17","Electricity (Scope 2)","Graphic"
"dksh holding_2021_report.pdf",2019,"2mb",55318,"metric tons CO2 equivalent","t CO2e","29","Electricity (Scope 2)","Graphic"
"dksh holding_2021_report.pdf",2020,"2mb",52994,"metric tons CO2 equivalent","t CO2e","17","Electricity (Scope 2)","Graphic"
"dksh holding_2021_report.pdf",2020,"2mb",52994,"metric tons CO2 equivalent","t CO2e","29","Electricity (Scope 2)","Graphic"
"dksh holding_2021_report.pdf",2021,"2mb",29792,"metric tons CO2 equivalent","t CO2e","17","Electricity (Scope 2)","Graphic"
"dksh holding_2021_report.pdf",2021,"2mb",29792,"metric tons CO2 equivalent","t CO2e","29","Electricity (Scope 2)","Graphic"
"dksh holding_2021_report.pdf",2021,"2mb",29792,"metric tonnes of CO2 equivalent","metric tonnes of CO2 equivalent","74","Scope 2 market-based emissions","Text"
"dksh holding_2021_report.pdf",2021,"3",67299,"t CO2e","t CO2e","73","Scope 3 emissions","Text"
"dksh holding_2021_report.pdf",2021,"3",67299,"tonnes of CO2 equivalent","tonnes of CO2 equivalent","74","Scope 3 sources","Text"
"evolution mining ltd_2020_report.pdf",2016,"1",157584,"t CO2-e","t CO2e","44","ghg emissions Scope 1/Greenhouse gas emissions Scope 1","Table"
"evolution mining ltd_2020_report.pdf",2017,"1",167734,"t CO2-e","t CO2e","44","ghg emissions Scope 1/Greenhouse gas emissions Scope 1","Table"
"evolution mining ltd_2020_report.pdf",2018,"1",159061,"t CO2-e","t CO2e","44","ghg emissions Scope 1/Greenhouse gas emissions Scope 1","Table"
"evolution mining ltd_2020_report.pdf",2019,"1",155085,"t CO2-e","t CO2e","44","ghg emissions Scope 1/Greenhouse gas emissions Scope 1","Table"
"evolution mining ltd_2020_report.pdf",2020,"1",157857,"t CO2-e","t CO2e","44","ghg emissions Scope 1/Greenhouse gas emissions Scope 1","Table"
"evolution mining ltd_2020_report.pdf",2016,"2lb",472257,"t CO2-e","t CO2e","44","ghg emissions Scope 2/Greenhouse gas emissions Scope 2","Table"
"evolution mining ltd_2020_report.pdf",2017,"2lb",430993,"t CO2-e","t CO2e","44","ghg emissions Scope 2/Greenhouse gas emissions Scope 2","Table"
"evolution mining ltd_2020_report.pdf",2018,"2lb",394144,"t CO2-e","t CO2e","44","ghg emissions Scope 2/Greenhouse gas emissions Scope 2","Table"
"evolution mining ltd_2020_report.pdf",2019,"2lb",383449,"t CO2-e","t CO2e","44","ghg emissions Scope 2/Greenhouse gas emissions Scope 2","Table"
"evolution mining ltd_2020_report.pdf",2020,"2lb",398187,"t CO2-e","t CO2e","44","ghg emissions Scope 2/Greenhouse gas emissions Scope 2","Table"
"fabege_2022_report.pdf",2021,"1",98,"tonnes CO₂e","t CO2e","43","Scope 1","Table"
"fabege_2022_report.pdf",2022,"1",54,"tonnes CO₂e","t CO2e","43","Scope 1","Table"
"fabege_2022_report.pdf",2021,"2lb",3679,"tonnes CO₂e","t CO2e","43","Scope 2/Scope 2 Total (Location- based)","Table"
"fabege_2022_report.pdf",2022,"2lb",3851,"tonnes CO₂e","t CO2e","43","Scope 2/Scope 2 Total (Location- based)","Table"
"fabege_2022_report.pdf",2021,"2mb",1512,"tonnes CO₂e","t CO2e","43","Scope 2/Scope 2 Total (Market- based)","Table"
"fabege_2022_report.pdf",2022,"2mb",1866,"tonnes CO₂e","t CO2e","43","Scope 2/Scope 2 Total (Market- based)","Table"
"fabege_2022_report.pdf",2021,"3",26997,"tonnes CO₂e","t CO2e","43","Scope 3/Scope 3 Total","Table"
"fabege_2022_report.pdf",2022,"3",28796,"tonnes CO₂e","t CO2e","43","Scope 3/Scope 3 Total","Table"
"weleda_2018_report.pdf",2017,"1",4261,"tonnes of CO2 equivalents","t CO2e","43","Direct emissions","Table"
"weleda_2018_report.pdf",2018,"1",3973,"tonnes of CO2 equivalents","t CO2e","43","Direct emissions","Table"
"weleda_2018_report.pdf",2017,"2lb",1417,"tonnes of CO2 equivalents","t CO2e","43","Indirect emissions","Table"
"weleda_2018_report.pdf",2018,"2lb",1302,"tonnes of CO2 equivalents","t CO2e","43","Indirect emissions","Table"
"freni brembo_2018_report.pdf",2016,"1",68342,"t CO2eq","t CO2e","131","Scope 1","Table"
"freni brembo_2018_report.pdf",2017,"1",74911,"t CO2eq","t CO2e","131","Scope 1","Table"
"freni brembo_2018_report.pdf",2018,"1",87691,"t CO2eq","t CO2e","131","Scope 1","Table"
"freni brembo_2018_report.pdf",2016,"2lb",369212,"t CO2eq","t CO2e","131","Scope 2 Indirect emissions due to power consumption and heating district location based/Scope 2","Table"
"freni brembo_2018_report.pdf",2017,"2lb",498005,"t CO2eq","t CO2e","131","Scope 2 Indirect emissions due to power consumption and heating district location based/Scope 2","Table"
"freni brembo_2018_report.pdf",2018,"2lb",584916,"t CO2eq","t CO2e","131","Scope 2 Indirect emissions due to power consumption and heating district location based/Scope 2","Table"
"freni brembo_2018_report.pdf",2016,"2mb",410679,"t CO2eq","t CO2e","131","Scope 2 Indirect emissions due to power consumption and heating district market based/Scope 2","Table"
"freni brembo_2018_report.pdf",2017,"2mb",444525,"t CO2eq","t CO2e","131","Scope 2 Indirect emissions due to power consumption and heating district market based/Scope 2","Table"
"freni brembo_2018_report.pdf",2018,"2mb",492821,"t CO2eq","t CO2e","131","Scope 2 Indirect emissions due to power consumption and heating district market based/Scope 2","Table"
"freni brembo_2018_report.pdf",2016,"3",201866,"t CO2eq","t CO2e","131","Scope 3","Table"
"freni brembo_2018_report.pdf",2017,"3",270687,"t CO2eq","t CO2e","131","Scope 3","Table"
"freni brembo_2018_report.pdf",2018,"3",330367,"t CO2eq","t CO2e","131","Scope 3","Table"
"fujifilm_2022_report.pdf",2017,"1",687,"kt CO2e","kt CO2e","80","Scope 1/Total direct GHG emissions (Scope 1)","Table"
"fujifilm_2022_report.pdf",2018,"1",672,"kt CO2e","kt CO2e","80","Scope 1/Total direct GHG emissions (Scope 1)","Table"
"fujifilm_2022_report.pdf",2019,"1",633,"kt CO2e","kt CO2e","80","Scope 1/Total direct GHG emissions (Scope 1)","Table"
"fujifilm_2022_report.pdf",2020,"1",603,"kt CO2e","kt CO2e","80","Scope 1/Total direct GHG emissions (Scope 1)","Table"
"fujifilm_2022_report.pdf",2021,"1",633,"kt CO2e","kt CO2e","80","Scope 1/Total direct GHG emissions (Scope 1)","Table"
"fujifilm_2022_report.pdf",2017,"2lb",593,"kt CO2e","kt CO2e","80","Scope 2 Location-based/Total indirect GHG emissions (Scope 2) Location-based","Table"
"fujifilm_2022_report.pdf",2018,"2lb",576,"kt CO2e","kt CO2e","80","Scope 2 Location-based/Total indirect GHG emissions (Scope 2) Location-based","Table"
"fujifilm_2022_report.pdf",2019,"2lb",514,"kt CO2e","kt CO2e","80","Scope 2 Location-based/Total indirect GHG emissions (Scope 2) Location-based","Table"
"fujifilm_2022_report.pdf",2020,"2lb",475,"kt CO2e","kt CO2e","80","Scope 2 Location-based/Total indirect GHG emissions (Scope 2) Location-based","Table"
"fujifilm_2022_report.pdf",2021,"2lb",494,"kt CO2e","kt CO2e","80","Scope 2 Location-based/Total indirect GHG emissions (Scope 2) Location-based","Table"
"fujifilm_2022_report.pdf",2017,"2mb",531,"kt CO2e","kt CO2e","80","Scope 2 Market-based/Total indirect GHG emissions (Scope 2) Market-based","Table"
"fujifilm_2022_report.pdf",2018,"2mb",510,"kt CO2e","kt CO2e","80","Scope 2 Market-based/Total indirect GHG emissions (Scope 2) Market-based","Table"
"fujifilm_2022_report.pdf",2019,"2mb",451,"kt CO2e","kt CO2e","80","Scope 2 Market-based/Total indirect GHG emissions (Scope 2) Market-based","Table"
"fujifilm_2022_report.pdf",2020,"2mb",409,"kt CO2e","kt CO2e","80","Scope 2 Market-based/Total indirect GHG emissions (Scope 2) Market-based","Table"
"fujifilm_2022_report.pdf",2021,"2mb",420,"kt CO2e","kt CO2e","80","Scope 2 Market-based/Total indirect GHG emissions (Scope 2) Market-based","Table"
"fujifilm_2022_report.pdf",2021,"3",3473,"kt CO2e","kt CO2e","81","Scope 3/GHG Emissions (Scope 3) Total","Table"
"georg fischer ag_2018_report.pdf",2014,"1",313,"1’000 tonnes","kt","17","Scope 1 (Direct emissions: energy consumption)","Table"
"georg fischer ag_2018_report.pdf",2015,"1",313,"1’000 tonnes","kt","17","Scope 1 (Direct emissions: energy consumption)","Table"
"georg fischer ag_2018_report.pdf",2016,"1",307,"1’000 tonnes","kt","17","Scope 1 (Direct emissions: energy consumption)","Table"
"georg fischer ag_2018_report.pdf",2017,"1",325,"1’000 tonnes","kt","17","Scope 1 (Direct emissions: energy consumption)","Table"
"georg fischer ag_2018_report.pdf",2018,"1",312,"1’000 tonnes","kt","17","Scope 1 (Direct emissions: energy consumption)","Table"
"georg fischer ag_2018_report.pdf",2014,"2lb",264,"1’000 tonnes","kt","17","Scope 2 (Indirect emissions: electricity and district heating)","Table"
"georg fischer ag_2018_report.pdf",2015,"2lb",264,"1’000 tonnes","kt","17","Scope 2 (Indirect emissions: electricity and district heating)","Table"
"georg fischer ag_2018_report.pdf",2016,"2lb",299,"1’000 tonnes","kt","17","Scope 2 (Indirect emissions: electricity and district heating)","Table"
"georg fischer ag_2018_report.pdf",2017,"2lb",337,"1’000 tonnes","kt","17","Scope 2 (Indirect emissions: electricity and district heating)","Table"
"georg fischer ag_2018_report.pdf",2018,"2lb",312,"1’000 tonnes","kt","17","Scope 2 (Indirect emissions: electricity and district heating)","Table"
"georg fischer ag_2018_report.pdf",2014,"3",3,"1’000 tonnes CO2e","kt CO2e","17","Scope 3 (Indirect emissions: business travel)","Table"
"georg fischer ag_2018_report.pdf",2015,"3",3,"1’000 tonnes CO2e","kt CO2e","17","Scope 3 (Indirect emissions: business travel)","Table"
"georg fischer ag_2018_report.pdf",2016,"3",4,"1’000 tonnes CO2e","kt CO2e","17","Scope 3 (Indirect emissions: business travel)","Table"
"georg fischer ag_2018_report.pdf",2017,"3",7,"1’000 tonnes CO2e","kt CO2e","17","Scope 3 (Indirect emissions: business travel)","Table"
"georg fischer ag_2018_report.pdf",2018,"3",6,"1’000 tonnes CO2e","kt CO2e","17","Scope 3 (Indirect emissions: business travel)","Table"
"graincorp_2019_report.pdf",2016,"1",235772,"tCO2-e","t CO2e","7","Scope 1 GHG/Scope 1 GHG Emissions","Table/Graphic"
"graincorp_2019_report.pdf",2017,"1",216108,"tCO2-e","t CO2e","7","Scope 1 GHG/Scope 1 GHG Emissions","Table/Graphic"
"graincorp_2019_report.pdf",2018,"1",211316,"tCO2-e","t CO2e","7","Scope 1 GHG/Scope 1 GHG Emissions","Table/Graphic"
"graincorp_2019_report.pdf",2019,"1",211400,"tCO2-e","t CO2e","7","Scope 1 GHG/Scope 1 GHG Emissions","Table/Graphic"
"graincorp_2019_report.pdf",2016,"2lb",165563,"tCO2-e","t CO2e","7","Scope 2 GHG/Scope 2 GHG Emissions","Table/Graphic"
"graincorp_2019_report.pdf",2017,"2lb",167666,"tCO2-e","t CO2e","7","Scope 2 GHG/Scope 2 GHG Emissions","Table/Graphic"
"graincorp_2019_report.pdf",2018,"2lb",151718,"tCO2-e","t CO2e","7","Scope 2 GHG/Scope 2 GHG Emissions","Table/Graphic"
"graincorp_2019_report.pdf",2019,"2lb",145806,"tCO2-e","t CO2e","7","Scope 2 GHG/Scope 2 GHG Emissions","Table/Graphic"
"granite construction inc_2020_report.pdf",2015,"1",132285,"CO2 Equivalents (US Tons)","CO2e (US Tons)","*66","Total Scope 1 CO2 Equivalents (US Tons)/Total Scope 1 CO2  Equivalents (US Tons) ","Graphic"
"granite construction inc_2020_report.pdf",2020,"1",244727.61,"CO2 equivalents (US tons)","CO2e (US tons)","*103","Direct (Scope 1) GHG emissions","Table"
"granite construction inc_2020_report.pdf",2020,"1",244727.61,"CO2 equivalents (US tons)","CO2e (US tons)","*112","Gross global Scope 1 emissions","Table"
"granite construction inc_2020_report.pdf",2020,"1",244727,"CO2 Equivalents (US Tons)","CO2e (US Tons)","*66","Total Scope 1 CO2 Equivalents (US Tons)/Total Scope 1 CO2  Equivalents (US Tons) ","Graphic"
"granite construction inc_2020_report.pdf",2020,"1",244727.61,"CO2 Equivalents (US Tons)","CO2e (US Tons)","*67","Total Scope 1","Illustration/Graphic"
"h. lundbeck_2021_report.pdf",2019,"1",29025,"Tonne CO2e","t CO2e","28","Scope 1 GHGs","Table"
"h. lundbeck_2021_report.pdf",2020,"1",22050,"Tonne CO2e","t CO2e","28","Scope 1 GHGs","Table"
"h. lundbeck_2021_report.pdf",2021,"1",24689,"Tonne CO2e","t CO2e","28","Scope 1 GHGs","Table"
"h. lundbeck_2021_report.pdf",2019,"2lb",17745,"Tonne CO2e","t CO2e","28","Scope 2 GHGs (location based)","Table"
"h. lundbeck_2021_report.pdf",2020,"2lb",14861,"Tonne CO2e","t CO2e","28","Scope 2 GHGs (location based)","Table"
"h. lundbeck_2021_report.pdf",2021,"2lb",15798,"Tonne CO2e","t CO2e","28","Scope 2 GHGs (location based)","Table"
"h. lundbeck_2021_report.pdf",2019,"2mb",9405,"Tonne CO2e","t CO2e","28","Scope 2 GHGs (market based)","Table"
"h. lundbeck_2021_report.pdf",2020,"2mb",8480,"Tonne CO2e","t CO2e","28","Scope 2 GHGs (market based)","Table"
"h. lundbeck_2021_report.pdf",2021,"2mb",7486,"Tonne CO2e","t CO2e","28","Scope 2 GHGs (market based)","Table"
"hammerson reit_2021_report.pdf",2020,"1",3309,"tCO2e","t CO2e","173","Scope 1: Direct emissions from owned/controlled operations","Table"
"hammerson reit_2021_report.pdf",2021,"1",4293,"tCO2e","t CO2e","173","Scope 1: Direct emissions from owned/controlled operations","Table"
"hammerson reit_2021_report.pdf",2020,"2lb",13711,"tCO2e","t CO2e","173","Scope 2: Indirect emissions from the use of purchased electricity, steam, heating and cooling","Table"
"hammerson reit_2021_report.pdf",2021,"2lb",13210,"tCO2e","t CO2e","173","Scope 2: Indirect emissions from the use of purchased electricity, steam, heating and cooling","Table"
"hammerson reit_2021_report.pdf",2020,"2mb",3331,"tCO2e","t CO2e","173","Scope 2: Indirect emissions from the use of purchased electricity, steam, heating and cooling","Table"
"hammerson reit_2021_report.pdf",2021,"2mb",3850,"tCO2e","t CO2e","173","Scope 2: Indirect emissions from the use of purchased electricity, steam, heating and cooling","Table"
"hammerson reit_2021_report.pdf",2020,"3",825,"tCO2e","t CO2e","173","Scope 3: Other indirect emissions","Table"
"hammerson reit_2021_report.pdf",2021,"3",692,"tCO2e","t CO2e","173","Scope 3: Other indirect emissions","Table"
"hang lung properties_2018_report.pdf",2016,"2lb",209034.43,"Tonnes CO2e","t CO2e","53","Energy indirect emissions (Scope 2)","Table"
"hang lung properties_2018_report.pdf",2017,"2lb",231363.82,"Tonnes CO2e","t CO2e","53","Energy indirect emissions (Scope 2)","Table"
"hang lung properties_2018_report.pdf",2018,"2lb",271239.53,"Tonnes CO2e","t CO2e","53","Energy indirect emissions (Scope 2)","Table"
"hang lung properties_2018_report.pdf",2016,"3",449.99,"Tonnes CO2e","t CO2e","53","other indirect emissions/Other indirect emissions (Scope 3)","Table"
"hang lung properties_2018_report.pdf",2017,"3",739.83,"Tonnes CO2e","t CO2e","53","other indirect emissions/Other indirect emissions (Scope 3)","Table"
"hang lung properties_2018_report.pdf",2018,"3",838.22,"Tonnes CO2e","t CO2e","53","other indirect emissions/Other indirect emissions (Scope 3)","Table"
"healius ltd_2022_report.pdf",2021,"1",6602,"tonnes","t","50","Scope 1","Table"
"healius ltd_2022_report.pdf",2022,"1",6533,"tonnes","t","50","Scope 1","Table"
"healius ltd_2022_report.pdf",2021,"2lb",27038,"tonnes","t","50","Scope 2","Table"
"healius ltd_2022_report.pdf",2022,"2lb",25610,"tonnes","t","50","Scope 2","Table"
"hudbay minerals inc_2020_report.pdf",2017,"1",177,"kilotonnes of CO2-equivalent","kt CO2e","95","Direct co2 emissions/Direct CO2e emissions","Table"
"hudbay minerals inc_2020_report.pdf",2018,"1",170,"kilotonnes of CO2-equivalent","kt CO2e","95","Direct co2 emissions/Direct CO2e emissions","Table"
"hudbay minerals inc_2020_report.pdf",2019,"1",161,"kilotonnes of CO2-equivalent","kt CO2e","95","Direct co2 emissions/Direct CO2e emissions","Table"
"hudbay minerals inc_2020_report.pdf",2020,"1",144,"kilotonnes of CO2-equivalent","kt CO2e","95","Direct co2 emissions/Direct CO2e emissions","Table"
"hudbay minerals inc_2020_report.pdf",2017,"2lb",363,"kilotonnes of CO2-equivalent","kt CO2e","95","indirect co2 emissions/Indirect CO2e emissions","Table"
"hudbay minerals inc_2020_report.pdf",2018,"2lb",403,"kilotonnes of CO2-equivalent","kt CO2e","95","indirect co2 emissions/Indirect CO2e emissions","Table"
"hudbay minerals inc_2020_report.pdf",2019,"2lb",402,"kilotonnes of CO2-equivalent","kt CO2e","95","indirect co2 emissions/Indirect CO2e emissions","Table"
"hudbay minerals inc_2020_report.pdf",2020,"2lb",367,"kilotonnes of CO2-equivalent","kt CO2e","95","indirect co2 emissions/Indirect CO2e emissions","Table"
"huhtamaki_2018_report.pdf",2014,"1",188000,"metric tons CO₂ eqv","t CO2e","48","Scope 1","Graphic"
"huhtamaki_2018_report.pdf",2015,"1",191000,"metric tons CO₂ eqv","t CO2e","48","Scope 1","Graphic"
"huhtamaki_2018_report.pdf",2016,"1",198000,"metric tons CO₂ eqv","t CO2e","48","Scope 1","Graphic"
"huhtamaki_2018_report.pdf",2017,"1",207000,"metric tons CO₂ eqv","t CO2e","48","Scope 1","Graphic"
"huhtamaki_2018_report.pdf",2018,"1",207000,"metric tons CO₂ eqv","t CO2e","48","Scope 1","Graphic"
"huhtamaki_2018_report.pdf",2014,"2lb",479000,"metric tons CO₂ eqv","t CO2e","48","Scope 2","Graphic"
"huhtamaki_2018_report.pdf",2015,"2lb",487000,"metric tons CO₂ eqv","t CO2e","48","Scope 2","Graphic"
"huhtamaki_2018_report.pdf",2016,"2lb",526000,"metric tons CO₂ eqv","t CO2e","48","Scope 2","Graphic"
"huhtamaki_2018_report.pdf",2017,"2lb",549000,"metric tons CO₂ eqv","t CO2e","48","Scope 2","Graphic"
"huhtamaki_2018_report.pdf",2018,"2lb",559000,"metric tons CO₂ eqv","t CO2e","48","Scope 2","Graphic"
"huhtamaki_2019_report.pdf",2015,"1",191000,"metric tons CO₂ eqv","t CO2e","44","TOTAL GREENHOUSE GAS EMISSIONS - Scope 1/TOTAL GREENHOUSE GAS EMISSIONS","Graphic"
"huhtamaki_2019_report.pdf",2016,"1",198000,"metric tons CO₂ eqv","t CO2e","44","TOTAL GREENHOUSE GAS EMISSIONS - Scope 1/TOTAL GREENHOUSE GAS EMISSIONS","Graphic"
"huhtamaki_2019_report.pdf",2017,"1",207000,"metric tons CO₂ eqv","t CO2e","44","TOTAL GREENHOUSE GAS EMISSIONS - Scope 1/TOTAL GREENHOUSE GAS EMISSIONS","Graphic"
"huhtamaki_2019_report.pdf",2018,"1",207000,"metric tons CO₂ eqv","t CO2e","44","TOTAL GREENHOUSE GAS EMISSIONS - Scope 1/TOTAL GREENHOUSE GAS EMISSIONS","Graphic"
"huhtamaki_2019_report.pdf",2019,"1",219000,"metric tons CO₂ eqv","t CO2e","44","TOTAL GREENHOUSE GAS EMISSIONS - Scope 1/TOTAL GREENHOUSE GAS EMISSIONS","Graphic"
"huhtamaki_2019_report.pdf",2015,"2lb",484000,"metric tons CO₂ eqv","t CO2e","44","TOTAL GREENHOUSE GAS EMISSIONS - Scope 2/TOTAL GREENHOUSE GAS EMISSIONS","Graphic"
"huhtamaki_2019_report.pdf",2016,"2lb",512000,"metric tons CO₂ eqv","t CO2e","44","TOTAL GREENHOUSE GAS EMISSIONS - Scope 2/TOTAL GREENHOUSE GAS EMISSIONS","Graphic"
"huhtamaki_2019_report.pdf",2017,"2lb",534000,"metric tons CO₂ eqv","t CO2e","44","TOTAL GREENHOUSE GAS EMISSIONS - Scope 2/TOTAL GREENHOUSE GAS EMISSIONS","Graphic"
"huhtamaki_2019_report.pdf",2018,"2lb",544000,"metric tons CO₂ eqv","t CO2e","44","TOTAL GREENHOUSE GAS EMISSIONS - Scope 2/TOTAL GREENHOUSE GAS EMISSIONS","Graphic"
"huhtamaki_2019_report.pdf",2019,"2lb",546000,"metric tons CO₂ eqv","t CO2e","44","TOTAL GREENHOUSE GAS EMISSIONS - Scope 2/TOTAL GREENHOUSE GAS EMISSIONS","Graphic"
"inchcape plc_2022_report.pdf",2021,"1",9752,"tCO2e","t CO2e","120","Scope 1 Emissions/Scope 1 Emissions","Table"
"inchcape plc_2022_report.pdf",2022,"1",17002,"tCO2e","t CO2e","120","Scope 1 Emissions/Scope 1 Emissions","Table"
"inchcape plc_2022_report.pdf",2021,"2lb",27277,"tCO2e","t CO2e","120","Scope 2 Emissions (Location-based, tCO 2 e)/Scope 2 Emissions","Table"
"inchcape plc_2022_report.pdf",2022,"2lb",22223,"tCO2e","t CO2e","120","Scope 2 Emissions (Location-based, tCO 2 e)/Scope 2 Emissions","Table"
"inchcape plc_2022_report.pdf",2019,"3",18.7,"m tCO2e","m t CO2e","54","group’s Scope 3 emissions profile","Text"
"inchcape plc_2022_report.pdf",2021,"3",82068,"tCO2e","t CO2e","120","Scope 3 Emissions (Business Travel & Upstream Transport, tCO 2 e)/Scope 3 Emissions","Table"
"inchcape plc_2022_report.pdf",2022,"3",187713,"tCO2e","t CO2e","120","Scope 3 Emissions (Business Travel & Upstream Transport, tCO 2 e)/Scope 3 Emissions","Table"
"kilroy realty_2017_report.pdf",2016,"1",4059,"Tonnes","t","35","Scope 1/Scope 1 Absolute Consumption","Table"
"kilroy realty_2017_report.pdf",2017,"1",4641,"Tonnes","t","35","Scope 1/Scope 1 Absolute Consumption","Table"
"kilroy realty_2017_report.pdf",2017,"1",4641,"metric tons of CO2e","t CO2e","68","Scope 1","Text"
"kilroy realty_2017_report.pdf",2016,"2lb",44145,"Tonnes","t","35","Scope 2/Scope 2 Absolute Consumption","Table"
"kilroy realty_2017_report.pdf",2017,"2lb",42947,"Tonnes","t","35","Scope 2 Absolute Consumption","Table"
"kilroy realty_2017_report.pdf",2017,"2lb",42947,"metric tons of CO2e","t CO2e","68","Scope 2","Text"
"kilroy realty_2018_report.pdf",2017,"1",4120,"Tonnes","t","14","Scope 1","Table"
"kilroy realty_2018_report.pdf",2018,"1",3908,"Tonnes","t","14","Scope 1/Scope 2","Table"
"kilroy realty_2018_report.pdf",2017,"2lb",36504,"Tonnes","t","14","Scope 2 (Location-Based)","Table"
"kilroy realty_2018_report.pdf",2018,"2lb",33207,"Tonnes","t","14","Scope 2 (Location-Based)","Table"
"kilroy realty_2018_report.pdf",2017,"2mb",35735,"Tonnes","t","14","Scope 2 (Market-Based)","Table"
"kilroy realty_2018_report.pdf",2018,"2mb",30439,"Tonnes","t","14","Scope 2 (Market-Based)","Table"
"innospec inc_2020_report.pdf",2020,"2mb",0,NA,NA,"Env33","Scope 2 Greenhouse Gas (GHG) emissions","Text"
"jetblue airways corp_2019_report.pdf",2015,"1",6903710,"tCO2e","t CO2e","10","Direct (Scope 1)/Direct Scope 1","Table"
"jetblue airways corp_2019_report.pdf",2015,"1",6903710,"tCO2e","t CO2e","9","Direct (Scope 1)","Table"
"jetblue airways corp_2019_report.pdf",2016,"1",7484799,"tCO2e","t CO2e","10","Direct (Scope 1)/Direct Scope 1","Table"
"jetblue airways corp_2019_report.pdf",2016,"1",7491616,"tCO2e","t CO2e","9","Direct (Scope 1)","Table"
"jetblue airways corp_2019_report.pdf",2017,"1",7809488,"tCO2e","t CO2e","10","Direct (Scope 1)/Direct Scope 1","Table"
"jetblue airways corp_2019_report.pdf",2017,"1",7809488,"tCO2e","t CO2e","9","Direct (Scope 1)","Table"
"jetblue airways corp_2019_report.pdf",2018,"1",8370944,"tCO2e","t CO2e","10","Direct (Scope 1)","Table"
"jetblue airways corp_2019_report.pdf",2018,"1",8370944,"tCO2e","t CO2e","9","Direct (Scope 1)","Table"
"jetblue airways corp_2019_report.pdf",2019,"1",8730756,"tCO2e","t CO2e","10","Direct (Scope 1)/Direct Scope 1","Table"
"jetblue airways corp_2019_report.pdf",2019,"1",8730756,"tonnes CO2e","t CO2e","11","Direct (Scope 1)/Direct Scope 1","Table"
"jetblue airways corp_2019_report.pdf",2019,"1",8730756,"tCO2e","t CO2e","9","Direct (Scope 1)","Table"
"jetblue airways corp_2019_report.pdf",2015,"2lb",25768,"tCO2e","t CO2e","10","Indirect Energy (Scope 2)","Table"
"jetblue airways corp_2019_report.pdf",2015,"2lb",25768,"tCO2e","t CO2e","9","Indirect Energy (Scope 2)/indirect energy (Scope 2)","Table"
"jetblue airways corp_2019_report.pdf",2016,"2lb",27702,"tCO2e","t CO2e","10","Indirect Energy (Scope 2)","Table"
"jetblue airways corp_2019_report.pdf",2016,"2lb",27702,"tCO2e","t CO2e","9","Indirect Energy (Scope 2)/indirect energy (Scope 2)","Table"
"jetblue airways corp_2019_report.pdf",2017,"2lb",26521,"tCO2e","t CO2e","10","Indirect Energy (Scope 2)","Table"
"jetblue airways corp_2019_report.pdf",2017,"2lb",26521,"tCO2e","t CO2e","9","Indirect Energy (Scope 2)/indirect energy (Scope 2)","Table"
"jetblue airways corp_2019_report.pdf",2018,"2lb",26656,"tCO2e","t CO2e","10","Indirect Energy (Scope 2)","Table"
"jetblue airways corp_2019_report.pdf",2018,"2lb",26656,"tCO2e","t CO2e","9","Indirect Energy (Scope 2)/indirect energy (Scope 2)","Table"
"jetblue airways corp_2019_report.pdf",2019,"2lb",25944,"tCO2e","t CO2e","10","Indirect Energy (Scope 2)","Table"
"jetblue airways corp_2019_report.pdf",2019,"2lb",25944,"tonnes CO2e","t CO2e","11","Scope 2 GHG emissions","Table"
"jetblue airways corp_2019_report.pdf",2019,"2lb",25944,"tCO2e","t CO2e","9","Indirect Energy (Scope 2)/indirect energy (Scope 2)","Table"
"jetblue airways corp_2019_report.pdf",2015,"3",1402791,"tCO2e","t CO2e","10","Indirect Other (Scope 3)/indirect other (Scope 3)","Table"
"jetblue airways corp_2019_report.pdf",2015,"3",1402791,"tCO2e","t CO2e","9","Indirect Energy (Scope 3)/indirect other (Scope 3)","Table"
"jetblue airways corp_2019_report.pdf",2016,"3",1522142,"tCO2e","t CO2e","10","Indirect Other (Scope 3)/indirect other (Scope 3)","Table"
"jetblue airways corp_2019_report.pdf",2016,"3",1522142,"tCO2e","t CO2e","9","Indirect Energy (Scope 3)/indirect other (Scope 3)","Table"
"jetblue airways corp_2019_report.pdf",2017,"3",1586368,"tCO2e","t CO2e","10","Indirect Other (Scope 3)/indirect other (Scope 3)","Table"
"jetblue airways corp_2019_report.pdf",2017,"3",1586368,"tCO2e","t CO2e","9","Indirect Energy (Scope 3)/indirect other (Scope 3)","Table"
"jetblue airways corp_2019_report.pdf",2018,"3",1698105,"tCO2e","t CO2e","10","Indirect Other (Scope 3)/indirect other (Scope 3)","Table"
"jetblue airways corp_2019_report.pdf",2018,"3",1698105,"tCO2e","t CO2e","9","Indirect Energy (Scope 3)/indirect other (Scope 3)","Table"
"jetblue airways corp_2019_report.pdf",2019,"3",1772985,"tCO2e","t CO2e","10","Indirect Other (Scope 3)/indirect other (Scope 3)","Table"
"jetblue airways corp_2019_report.pdf",2019,"3",1772985,"tCO2e","t CO2e","9","Indirect Energy (Scope 3)/indirect other (Scope 3)","Table"
"kb home_2019_report.pdf",2008,"1",0,"CO2e in metric tons","CO2e in t","67","Scope 1","Table"
"kb home_2019_report.pdf",2009,"1",0,"CO2e in metric tons","CO2e in t","67","Scope 1","Table"
"kb home_2019_report.pdf",2010,"1",0,"CO2e in metric tons","CO2e in t","67","Scope 1","Table"
"kb home_2019_report.pdf",2011,"1",0,"CO2e in metric tons","CO2e in t","67","Scope 1","Table"
"kb home_2019_report.pdf",2012,"1",0,"CO2e in metric tons","CO2e in t","67","Scope 1","Table"
"kb home_2019_report.pdf",2013,"1",0,"CO2e in metric tons","CO2e in t","67","Scope 1/Scope 1 carbon emissions","Table/Text"
"kb home_2019_report.pdf",2014,"1",0,"CO2e in metric tons","CO2e in t","67","Scope 1/Scope 1 carbon emissions","Table/Text"
"kb home_2019_report.pdf",2015,"1",0,"CO2e in metric tons","CO2e in t","67","Scope 1/Scope 1 carbon emissions","Table/Text"
"kb home_2019_report.pdf",2016,"1",0,"CO2e in metric tons","CO2e in t","67","Scope 1/Scope 1 carbon emissions","Table/Text"
"kb home_2019_report.pdf",2017,"1",0,"CO2e in metric tons","CO2e in t","67","Scope 1/Scope 1 carbon emissions","Table/Text"
"kb home_2019_report.pdf",2018,"1",0,"CO2e in metric tons","CO2e in t","67","Scope 1/Scope 1 carbon emissions","Table/Text"
"kb home_2019_report.pdf",2019,"1",0,"emissions","emissions","63","Scope 1","Text"
"kb home_2019_report.pdf",2019,"1",0,"CO2e in metric tons","CO2e in t","67","Scope 1/Scope 1 carbon emissions","Table/Text"
"kb home_2019_report.pdf",2008,"2lb",42204,"CO2e in metric tons","CO2e in t","67","Estimated Scope 2 (with Scope 1 = 0) greenhouse gas emission for KB Home operations","Table"
"kb home_2019_report.pdf",2009,"2lb",20296,"CO2e in metric tons","CO2e in t","67","Estimated Scope 2 (with Scope 1 = 0) greenhouse gas emission for KB Home operations","Table"
"kb home_2019_report.pdf",2010,"2lb",17015,"CO2e in metric tons","CO2e in t","67","Estimated Scope 2 (with Scope 1 = 0) greenhouse gas emission for KB Home operations","Table"
"kb home_2019_report.pdf",2011,"2lb",14549,"CO2e in metric tons","CO2e in t","67","Estimated Scope 2 (with Scope 1 = 0) greenhouse gas emission for KB Home operations","Table"
"kb home_2019_report.pdf",2012,"2lb",13468,"CO2e in metric tons","CO2e in t","67","Estimated Scope 2 (with Scope 1 = 0) greenhouse gas emission for KB Home operations","Table"
"kb home_2019_report.pdf",2013,"2lb",14092,"CO2e in metric tons","CO2e in t","67","Estimated Scope 2 (with Scope 1 = 0) greenhouse gas emission for KB Home operations","Table"
"kb home_2019_report.pdf",2014,"2lb",16078,"CO2e in metric tons","CO2e in t","67","Estimated Scope 2 (with Scope 1 = 0) greenhouse gas emission for KB Home operations","Table"
"kb home_2019_report.pdf",2015,"2lb",19186,"CO2e in metric tons","CO2e in t","67","Estimated Scope 2 (with Scope 1 = 0) greenhouse gas emission for KB Home operations","Table"
"kb home_2019_report.pdf",2016,"2lb",22961,"CO2e in metric tons","CO2e in t","67","Estimated Scope 2 (with Scope 1 = 0) greenhouse gas emission for KB Home operations","Table"
"kb home_2019_report.pdf",2017,"2lb",25062,"CO2e in metric tons","CO2e in t","67","Estimated Scope 2 (with Scope 1 = 0) greenhouse gas emission for KB Home operations","Table"
"kb home_2019_report.pdf",2018,"2lb",24992,"CO2e in metric tons","CO2e in t","67","Estimated Scope 2 (with Scope 1 = 0) greenhouse gas emission for KB Home operations","Table"
"kb home_2019_report.pdf",2019,"2lb",24025,"CO2e in metric tons","CO2e in t","63","Estimated greenhouse gas emission for KB Home operations","Table"
"kb home_2019_report.pdf",2019,"2lb",24025,"CO2e in metric tons","CO2e in t","67","Estimated Scope 2 (with Scope 1 = 0) greenhouse gas emission for KB Home operations","Table"
"kureha corp_2020_report.pdf",2017,"1",363,"1,000 t CO2","kt CO2","8","Scope 1","Table"
"kureha corp_2020_report.pdf",2018,"1",338,"1,000 t CO2","kt CO2","8","Scope 1","Table"
"kureha corp_2020_report.pdf",2019,"1",356,"1,000 t CO2","kt CO2","8","Scope 1","Table"
"kureha corp_2020_report.pdf",2017,"2lb",34,"1,000 t CO2","kt CO2","8","Scope 2","Table"
"kureha corp_2020_report.pdf",2018,"2lb",42,"1,000 t CO2","kt CO2","8","Scope 2","Table"
"kureha corp_2020_report.pdf",2019,"2lb",31,"1,000 t CO2","kt CO2","8","Scope 2","Table"
"kureha corp_2020_report.pdf",2017,"3",7,"1,000 t CO2","kt CO2","8","Scope 3","Table"
"kureha corp_2020_report.pdf",2018,"3",7,"1,000 t CO2","kt CO2","8","Scope 3","Table"
"kureha corp_2020_report.pdf",2019,"3",6,"1,000 t CO2","kt CO2","8","Scope 3","Table"
"loomis_2018_report.pdf",2017,"1",156124,"tCO2e","t CO2e","66","CHANGE DIRECT CARBON EMISSIONS","Illustration/Table"
"loomis_2018_report.pdf",2018,"1",153657,"tCO2e","t CO2e","66","Carbon emissions, tCO2e","Table"
"loomis_2018_report.pdf",2017,"2lb",25919,"tCO2e","t CO2e","66","Carbon emissions, tCO","Table"
"loomis_2018_report.pdf",2018,"2lb",33934,"tCO2e","t CO2e","66","Carbon emissions, tCO","Table"
"lundin gold inc_2021_report.pdf",2021,"1",25399,"tCO2e","t CO2e","26","Scope 1","Table"
"lundin gold inc_2021_report.pdf",2021,"2lb",24170,"tCO2e","t CO2e","26","Scope 2","Table"
"lundin gold inc_2021_report.pdf",2021,"3",746750,"tCO2e","t CO2e","26","Scope 3","Table"
"lundin gold inc_2022_report.pdf",2021,"1",25354,"tCO2e","t CO2e","13","Scope 1","Table"
"lundin gold inc_2022_report.pdf",2022,"1",24024,"tCO2e","t CO2e","13","Scope 1","Table"
"lundin gold inc_2022_report.pdf",2021,"2lb",5413,"tCO2e","t CO2e","13","Scope 2","Table"
"lundin gold inc_2022_report.pdf",2022,"2lb",5576,"tCO2e","t CO2e","13","Scope 2","Table"
"lundin gold inc_2022_report.pdf",2021,"3",193764,"tCO2e","t CO2e","13","Scope 3","Table"
"lundin gold inc_2022_report.pdf",2022,"3",166742,"tCO2e","t CO2e","13","Scope 3","Table"
"metro ag_2022_report.pdf",2020,"1",270761,"Metric tons (t) CO2e","t CO2e","47","Direct (Scope 1) GHG emissions","Table"
"metro ag_2022_report.pdf",2021,"1",264654.8,"Metric tons (t) CO2e","t CO2e","47","Direct (Scope 1) GHG emissions","Table"
"metro ag_2022_report.pdf",2022,"1",266631.8,"Metric tons (t) CO2e","t CO2e","47","Direct (Scope 1) GHG emissions","Table"
"metro ag_2022_report.pdf",2020,"2lb",17872,"Metric tons (t) CO2e","t CO2e","47","Energy indirect (Scope 2) GHG emissions","Table"
"metro ag_2022_report.pdf",2021,"2lb",14668.3,"Metric tons (t) CO2e","t CO2e","47","Energy indirect (Scope 2) GHG emissions","Table"
"metro ag_2022_report.pdf",2022,"2lb",14785.4,"Metric tons (t) CO2e","t CO2e","47","Energy indirect (Scope 2) GHG emissions","Table"
"metro ag_2022_report.pdf",2020,"3",114503.4,"Metric tons (t) CO2e","t CO2e","47","Other indirect (Scope 3) GHG emissions for the categories: Business Travel, Waste and Upstream Transportation","Table"
"metro ag_2022_report.pdf",2021,"3",116700.4,"Metric tons (t) CO2e","t CO2e","47","Other indirect (Scope 3) GHG emissions for the categories: Business Travel, Waste and Upstream Transportation","Table"
"metro ag_2022_report.pdf",2022,"3",114172.7,"Metric tons (t) CO2e","t CO2e","47","Other indirect (Scope 3) GHG emissions for the categories: Business Travel, Waste and Upstream Transportation","Table"
"morinaga ltd_2020_report.pdf",2020,"1",20794,"t-CO₂e","t CO2e","56","Scope1","Table"
"morinaga ltd_2020_report.pdf",2020,"2lb",52024,"t-CO₂e","t CO2e","56","Scope 2 (Location standard)","Table"
"morinaga ltd_2020_report.pdf",2020,"2mb",49605,"t-CO₂e","t CO2e","56","Scope 2 (Market standard)","Table"
"munters group_2021_report.pdf",2020,"1",7070,"CO2e emissions in tons","CO2e in tons","19","Scope 1 direct emissions","Graphic/Table"
"munters group_2021_report.pdf",2021,"1",7526,"CO2e emissions in tons","CO2e in tons","19","Scope 1 direct emissions","Graphic/Table"
"munters group_2021_report.pdf",2020,"2lb",15126,"CO2e emissions in tons","CO2e in tons","19","indirect emissions - location based/Scope 2 indirect emissions - location based","Graphic/Table"
"munters group_2021_report.pdf",2021,"2lb",14934,"CO2e emissions in tons","CO2e in tons","19","indirect emissions - location based/Scope 2 indirect emissions - location based","Graphic/Table"
"munters group_2021_report.pdf",2020,"2mb",15332,"CO2e emissions in tons","CO2e in tons","19","indirect emissions - market based/Scope 2 indirect emissions - market based","Graphic/Table"
"munters group_2021_report.pdf",2021,"2mb",13376,"CO2e emissions in tons","CO2e in tons","19","indirect emissions - market based/Scope 2 indirect emissions - market based","Graphic/Table"
"munters group_2021_report.pdf",2020,"3",1886,"CO2e emissions in tons","CO2e in tons","19","Scope 3 other indirect emissions","Graphic/Table"
"munters group_2021_report.pdf",2021,"3",1983,"CO2e emissions in tons","CO2e in tons","19","Scope 3 other indirect emissions","Graphic/Table"
"nippn corp_2022_report.pdf",2021,"1",46,"1,000 t-CO2","kt CO2","24","Scope 1","Table"
"nippn corp_2022_report.pdf",2022,"1",47,"1,000 t-CO2","kt CO2","24","Scope 1","Table"
"nippn corp_2022_report.pdf",2021,"2lb",114,"1,000 t-CO2","kt CO2","24","Scope 2","Table"
"nippn corp_2022_report.pdf",2022,"2lb",115,"1,000 t-CO2","kt CO2","24","Scope 2","Table"
"nok corporation_2021_report.pdf",2020,"1",38,"1,000 tons-CO2","ktons CO2","30","Gas emission: Scope 1 (Fuel)/Scope 1 (Fuel)","Table"
"nok corporation_2021_report.pdf",2020,"2lb",602,"1,000 tons-CO2","ktons CO2","30","Gas emission: Scope 2 (Electricity/heat)/Scope 2 (Electricity/heat)","Table"
"nok corporation_2021_report.pdf",2020,"3",268547,"1,000 tons-CO2","ktons CO2","30","Gas emission: Scope 3 (Indirect Emissions)/Scope 3 (Indirect Emission","Table"
"viacomcbs_2020_report.pdf",2014,"1",8297,"metric tons CO2e","t CO2e","47","Scope 1","Table"
"viacomcbs_2020_report.pdf",2015,"1",9045,"metric tons CO2e","t CO2e","47","Scope 1","Table"
"viacomcbs_2020_report.pdf",2016,"1",24672,"metric tons CO2e","t CO2e","47","Scope 1","Table"
"viacomcbs_2020_report.pdf",2017,"1",26834,"metric tons CO2e","t CO2e","47","Scope 1","Table"
"viacomcbs_2020_report.pdf",2018,"1",31737,"metric tons CO2e","t CO2e","47","Scope 1","Table"
"viacomcbs_2020_report.pdf",2019,"1",38240,"metric tons CO2e","t CO2e","47","Scope 1","Table"
"viacomcbs_2020_report.pdf",2020,"1",32097,"metric tons CO2e","t CO2e","47","Scope 1","Table"
"viacomcbs_2020_report.pdf",2014,"2lb",39252,"metric tons CO2e","t CO2e","47","Scope 2 (location-based)/Scope 2 location based","Table"
"viacomcbs_2020_report.pdf",2015,"2lb",50828,"metric tons CO2e","t CO2e","47","Scope 2 (location-based)/Scope 2 location based","Table"
"viacomcbs_2020_report.pdf",2016,"2lb",216737,"metric tons CO2e","t CO2e","47","Scope 2 (location-based)/Scope 2 location based","Table"
"viacomcbs_2020_report.pdf",2017,"2lb",219851,"metric tons CO2e","t CO2e","47","Scope 2 (location-based)/Scope 2 location based","Table"
"viacomcbs_2020_report.pdf",2018,"2lb",229073,"metric tons CO2e","t CO2e","47","Scope 2 (location-based)/Scope 2 location based","Table"
"viacomcbs_2020_report.pdf",2019,"2lb",144268,"metric tons CO2e","t CO2e","47","Scope 2 (location-based)/Scope 2 location based","Table"
"viacomcbs_2020_report.pdf",2020,"2lb",139608,"metric tons CO2e","t CO2e","47","Scope 2 (location-based)/Scope 2 location based","Table"
"viacomcbs_2020_report.pdf",2014,"2mb",37114,"metric tons CO2e","t CO2e","47","Scope 2 (market-based)/Scope 2 market based","Table"
"viacomcbs_2020_report.pdf",2015,"2mb",50828,"metric tons CO2e","t CO2e","47","Scope 2 (market-based)/Scope 2 market based","Table"
"viacomcbs_2020_report.pdf",2016,"2mb",213701,"metric tons CO2e","t CO2e","47","Scope 2 (market-based)/Scope 2 market based","Table"
"viacomcbs_2020_report.pdf",2017,"2mb",219375,"metric tons CO2e","t CO2e","47","Scope 2 (market-based)/Scope 2 market based","Table"
"viacomcbs_2020_report.pdf",2018,"2mb",219385,"metric tons CO2e","t CO2e","47","Scope 2 (market-based)/Scope 2 market based","Table"
"viacomcbs_2020_report.pdf",2019,"2mb",123106,"metric tons CO2e","t CO2e","47","Scope 2 (market-based)/Scope 2 market based","Table"
"viacomcbs_2020_report.pdf",2020,"2mb",134333,"metric tons CO2e","t CO2e","47","Scope 2 (market-based)/Scope 2 market based","Table"
"viacomcbs_2020_report.pdf",2014,"3",28499,"metric tons CO2e","t CO2e","47","Scope 3","Table"
"viacomcbs_2020_report.pdf",2015,"3",33242,"metric tons CO2e","t CO2e","47","Scope 3","Table"
"viacomcbs_2020_report.pdf",2016,"3",47190,"metric tons CO2e","t CO2e","47","Scope 3","Table"
"viacomcbs_2020_report.pdf",2017,"3",39356,"metric tons CO2e","t CO2e","47","Scope 3","Table"
"viacomcbs_2020_report.pdf",2018,"3",37891,"metric tons CO2e","t CO2e","47","Scope 3","Table"
"viacomcbs_2020_report.pdf",2019,"3",819682,"metric tons CO2e","t CO2e","47","Scope 3","Table"
"viacomcbs_2020_report.pdf",2020,"3",6897654,"metric tons CO2e","t CO2e","47","Scope 3","Table"
"perenti ltd_2022_report.pdf",2020,"1",6456,"tonnes CO2-e","t CO2e","33","Greenhouse gas emissions – Scope 1","Table"
"perenti ltd_2022_report.pdf",2021,"1",3462,"tonnes CO2-e","t CO2e","33","Greenhouse gas emissions – Scope 1","Table"
"perenti ltd_2022_report.pdf",2022,"1",2323,"tonnes CO2-e","t CO2e","33","Greenhouse gas emissions – Scope 1","Table"
"perenti ltd_2022_report.pdf",2020,"2lb",5546,"tonnes CO2-e","t CO2e","33","Greenhouse gas emissions – Scope 2","Table"
"perenti ltd_2022_report.pdf",2021,"2lb",5193,"tonnes CO2-e","t CO2e","33","Greenhouse gas emissions – Scope 2","Table"
"perenti ltd_2022_report.pdf",2022,"2lb",4361,"tonnes CO2-e","t CO2e","33","Greenhouse gas emissions – Scope 2","Table"
"polaris_2021_report.pdf",2019,"3",14067,"tCO2e","t CO2e","73","Scope 3","Table"
"polaris_2021_report.pdf",2020,"3",26959,"tCO2e","t CO2e","73","Scope 3","Table"
"polaris_2021_report.pdf",2021,"3",78645,"tCO2e","t CO2e","73","Scope 3","Table"
"nordea_2017_report.pdf",2016,"1",48,"CO2e emissions (tonnes)","CO2e emissions (tonnes)","37","Scope 1/-diesel generators (Scope 1)","Table"
"nordea_2017_report.pdf",2017,"1",51,"CO2e emissions (tonnes)","CO2e emissions (tonnes)","37","Scope 1/-diesel generators (Scope 1)","Table"
"nordea_2017_report.pdf",2016,"2lb",3409,"CO2e emissions (tonnes)","CO2e emissions (tonnes)","37","Scope 2/-electricity, heating, district cooling (Scope 2)","Table"
"nordea_2017_report.pdf",2017,"2lb",3187,"CO2e emissions (tonnes)","CO2e emissions (tonnes)","37","Scope 2/-electricity, heating, district cooling (Scope 2)","Table"
"rexford industrial realty reit_2022_report.pdf",2022,"1",362,"MT CO2e","MT CO2e","11","Scope 1 emissions/SCOPE 1 EMISSIONS","Text"
"rexford industrial realty reit_2022_report.pdf",2022,"2lb",3624,"MT C02e","MT CO2e","11","Scope 2 emissions/SCOPE 2 EMISSIONS","Text"
"rexford industrial realty reit_2022_report.pdf",2022,"3",115556,"MT CO2e","MT CO2e","11","Scope 3 emissions/SCOPE 3 EMISSIONS","Text"
"salzgitter ag_2018_report.pdf",2017,"1",8470,"kt CO2","kt CO2","19","Direct GHG emissions from operating plants (Scope 1)","Table"
"salzgitter ag_2018_report.pdf",2018,"1",8710,"kt CO2","kt CO2","19","Direct GHG emissions from operating plants (Scope 1)","Table"
"salzgitter ag_2018_report.pdf",2017,"2lb",693,"kt CO2","kt CO2","19","Indirect GHG emissions (Scope 2)","Table"
"salzgitter ag_2018_report.pdf",2018,"2lb",600,"kt CO2","kt CO2","19","Indirect GHG emissions (Scope 2)","Table"
"salzgitter ag_2018_report.pdf",2017,"3",1362,"kt CO2","kt CO2","19","Other indirect GHG emissions from feedstock purchase (Scope 3)/Other indirect GHG emissions from feedstock purchase1) (Scope 3)","Table"
"salzgitter ag_2018_report.pdf",2018,"3",1508,"kt CO2","kt CO2","19","Other indirect GHG emissions from feedstock purchase (Scope 3)/Other indirect GHG emissions from feedstock purchase1) (Scope 3)","Table"
"sato oyj_2022_report.pdf",2015,"1",135,"t CO2-e","t CO2e","34","GRI 305-1 Direct greenhouse gas emissions, t CO2-e (Scope 1)/GRI 305-1 Direct greenhouse gas emissions (Scope 1)","Table"
"sato oyj_2022_report.pdf",2016,"1",170,"t CO2-e","t CO2e","34","GRI 305-1 Direct greenhouse gas emissions, t CO2-e (Scope 1)/GRI 305-1 Direct greenhouse gas emissions (Scope 1)","Table"
"sato oyj_2022_report.pdf",2017,"1",214,"t CO2-e","t CO2e","34","GRI 305-1 Direct greenhouse gas emissions, t CO2-e (Scope 1)/GRI 305-1 Direct greenhouse gas emissions (Scope 1)","Table"
"sato oyj_2022_report.pdf",2018,"1",179,"t CO2-e","t CO2e","34","GRI 305-1 Direct greenhouse gas emissions, t CO2-e (Scope 1)/GRI 305-1 Direct greenhouse gas emissions (Scope 1)","Table"
"sato oyj_2022_report.pdf",2019,"1",177,"t CO2-e","t CO2e","34","GRI 305-1 Direct greenhouse gas emissions, t CO2-e (Scope 1)/GRI 305-1 Direct greenhouse gas emissions (Scope 1)","Table"
"sato oyj_2022_report.pdf",2020,"1",147,"t CO2-e","t CO2e","34","GRI 305-1 Direct greenhouse gas emissions, t CO2-e (Scope 1)/GRI 305-1 Direct greenhouse gas emissions (Scope 1)","Table"
"sato oyj_2022_report.pdf",2021,"1",105,"t CO2-e","t CO2e","34","GRI 305-1 Direct greenhouse gas emissions, t CO2-e (Scope 1)/GRI 305-1 Direct greenhouse gas emissions (Scope 1)","Table"
"sato oyj_2022_report.pdf",2022,"1",20,"t CO2-e","t CO2e","34","GRI 305-1 Direct greenhouse gas emissions, t CO2-e (Scope 1)/GRI 305-1 Direct greenhouse gas emissions (Scope 1)","Table"
"sato oyj_2022_report.pdf",2015,"2lb",41962,"t CO2-e","t CO2e","34","Indirect greenhouse gas emissions, t CO2-e (location-based)/Indirect greenhouse gas emissions (location-based)","Table"
"sato oyj_2022_report.pdf",2016,"2lb",52583,"t CO2-e","t CO2e","34","Indirect greenhouse gas emissions, t CO2-e (location-based)/Indirect greenhouse gas emissions (location-based)","Table"
"sato oyj_2022_report.pdf",2017,"2lb",43163,"t CO2-e","t CO2e","34","Indirect greenhouse gas emissions, t CO2-e (location-based)/Indirect greenhouse gas emissions (location-based)","Table"
"sato oyj_2022_report.pdf",2018,"2lb",40152,"t CO2-e","t CO2e","34","Indirect greenhouse gas emissions, t CO2-e (location-based)/Indirect greenhouse gas emissions (location-based)","Table"
"sato oyj_2022_report.pdf",2019,"2lb",37468,"t CO2-e","t CO2e","34","Indirect greenhouse gas emissions, t CO2-e (location-based)/Indirect greenhouse gas emissions (location-based)","Table"
"sato oyj_2022_report.pdf",2020,"2lb",34456,"t CO2-e","t CO2e","34","Indirect greenhouse gas emissions, t CO2-e (location-based)/Indirect greenhouse gas emissions (location-based)","Table"
"sato oyj_2022_report.pdf",2021,"2lb",45754,"t CO2-e","t CO2e","34","Indirect greenhouse gas emissions, t CO2-e (location-based)/Indirect greenhouse gas emissions (location-based)","Table"
"sato oyj_2022_report.pdf",2022,"2lb",40393,"t CO2-e","t CO2e","34","Indirect greenhouse gas emissions, t CO2-e (location-based)/Indirect greenhouse gas emissions (location-based)","Table"
"sato oyj_2022_report.pdf",2015,"2mb",37674,"t CO2-e","t CO2e","34","Indirect greenhouse gas emissions, t CO2-e (market-based)/Indirect greenhouse gas emissions (market-based)","Table"
"sato oyj_2022_report.pdf",2016,"2mb",48560,"t CO2-e","t CO2e","34","Indirect greenhouse gas emissions, t CO2-e (market-based)/Indirect greenhouse gas emissions (market-based)","Table"
"sato oyj_2022_report.pdf",2017,"2mb",39430,"t CO2-e","t CO2e","34","Indirect greenhouse gas emissions, t CO2-e (market-based)/Indirect greenhouse gas emissions (market-based)","Table"
"sato oyj_2022_report.pdf",2018,"2mb",36728,"t CO2-e","t CO2e","34","Indirect greenhouse gas emissions, t CO2-e (market-based)/Indirect greenhouse gas emissions (market-based)","Table"
"sato oyj_2022_report.pdf",2019,"2mb",34292,"t CO2-e","t CO2e","34","Indirect greenhouse gas emissions, t CO2-e (market-based)/Indirect greenhouse gas emissions (market-based)","Table"
"sato oyj_2022_report.pdf",2020,"2mb",30915,"t CO2-e","t CO2e","34","Indirect greenhouse gas emissions, t CO2-e (market-based)/Indirect greenhouse gas emissions (market-based)","Table"
"sato oyj_2022_report.pdf",2021,"2mb",43349,"t CO2-e","t CO2e","34","Indirect greenhouse gas emissions, t CO2-e (market-based)/Indirect greenhouse gas emissions (market-based)","Table"
"sato oyj_2022_report.pdf",2022,"2mb",37920,"t CO2-e","t CO2e","34","Indirect greenhouse gas emissions, t CO2-e (market-based)/Indirect greenhouse gas emissions (market-based)","Table"
"sato oyj_2022_report.pdf",2015,"3",1834,"t CO2-e","t CO2e","34","GRI-305-3 Other indirect greenhouse gas emissions, t CO2-e (Scope 3)/GRI-305-3 Other indirect greenhouse gas emissions (Scope 3)","Table"
"sato oyj_2022_report.pdf",2016,"3",948,"t CO2-e","t CO2e","34","GRI-305-3 Other indirect greenhouse gas emissions, t CO2-e (Scope 3)/GRI-305-3 Other indirect greenhouse gas emissions (Scope 3)","Table"
"sato oyj_2022_report.pdf",2017,"3",240,"t CO2-e","t CO2e","34","GRI-305-3 Other indirect greenhouse gas emissions, t CO2-e (Scope 3)/GRI-305-3 Other indirect greenhouse gas emissions (Scope 3)","Table"
"sato oyj_2022_report.pdf",2018,"3",49,"t CO2-e","t CO2e","34","GRI-305-3 Other indirect greenhouse gas emissions, t CO2-e (Scope 3)/GRI-305-3 Other indirect greenhouse gas emissions (Scope 3)","Table"
"sato oyj_2022_report.pdf",2019,"3",46,"t CO2-e","t CO2e","34","GRI-305-3 Other indirect greenhouse gas emissions, t CO2-e (Scope 3)/GRI-305-3 Other indirect greenhouse gas emissions (Scope 3)","Table"
"sato oyj_2022_report.pdf",2020,"3",37,"t CO2-e","t CO2e","34","GRI-305-3 Other indirect greenhouse gas emissions, t CO2-e (Scope 3)/GRI-305-3 Other indirect greenhouse gas emissions (Scope 3)","Table"
"sato oyj_2022_report.pdf",2021,"3",49,"t CO2-e","t CO2e","34","GRI-305-3 Other indirect greenhouse gas emissions, t CO2-e (Scope 3)/GRI-305-3 Other indirect greenhouse gas emissions (Scope 3)","Table"
"sato oyj_2022_report.pdf",2022,"3",49,"t CO2-e","t CO2e","34","GRI-305-3 Other indirect greenhouse gas emissions, t CO2-e (Scope 3)/GRI-305-3 Other indirect greenhouse gas emissions (Scope 3)","Table"
"smith (ds) plc_2021_report.pdf",2015,"1",1540,"Kt CO2e","kt CO2e","54","Direct (Scope 1) CO2e emissions/Direct (Scope1) Co2e emissions","Table"
"smith (ds) plc_2021_report.pdf",2017,"1",1660,"Kt CO2e","kt CO2e","54","Direct (Scope1) Co2e emissions","Table"
"smith (ds) plc_2021_report.pdf",2018,"1",1750,"Kt CO2e","kt CO2e","54","Direct (Scope1) Co2e emissions","Table"
"smith (ds) plc_2021_report.pdf",2019,"1",1833,"Kt CO2e","kt CO2e","54","Direct (Scope 1) CO2e emissions/Direct (Scope1) Co2e emissions","Table"
"smith (ds) plc_2021_report.pdf",2020,"1",2267,"Kt CO2e","kt CO2e","54","Direct (Scope 1) CO2e emissions/Direct (Scope1) Co2e emissions","Table"
"smith (ds) plc_2021_report.pdf",2015,"2mb",347,"Kt CO2e","kt CO2e","54","Indirect /indirect (Scope2) co2e emissions (market based)","Table"
"smith (ds) plc_2021_report.pdf",2017,"2mb",352,"Kt CO2e","kt CO2e","54","indirect (Scope2) co2e emissions (market based)","Table"
"smith (ds) plc_2021_report.pdf",2018,"2mb",527,"Kt CO2e","kt CO2e","54","indirect (Scope2) co2e emissions (market based)","Table"
"smith (ds) plc_2021_report.pdf",2019,"2mb",510,"Kt CO2e","kt CO2e","54","Indirect /indirect (Scope2) co2e emissions (market based)","Table"
"smith (ds) plc_2021_report.pdf",2020,"2mb",764,"Kt CO2e","kt CO2e","54","Indirect /indirect (Scope2) co2e emissions (market based)","Table"
"smith (ds) plc_2021_report.pdf",2019,"3",4413,"Kt CO2e","kt CO2e","54","Total Scope 3 emissions/total Scope 3 emissions","Table"
"smith (ds) plc_2021_report.pdf",2020,"3",5048,"Kt CO2e","kt CO2e","54","Total Scope 3 emissions/total Scope 3 emissions","Table"
"stantec inc_2019_report.pdf",2017,"1",9585,"mtCO2e","mt CO2e","79","Scope 1","Table"
"stantec inc_2019_report.pdf",2018,"1",10333,"mtCO2e","mt CO2e","79","Scope 1","Table"
"stantec inc_2019_report.pdf",2019,"1",7540,"mtCO2e","mt CO2e","79","Scope 1","Table"
"stantec inc_2019_report.pdf",2017,"2lb",43228,"mtCO2e","mt CO2e","79","Scope 2","Table"
"stantec inc_2019_report.pdf",2018,"2lb",37810,"mtCO2e","mt CO2e","79","Scope 2","Table"
"stantec inc_2019_report.pdf",2019,"2lb",40726,"mtCO2e","mt CO2e","79","Scope 2","Table"
"stantec inc_2019_report.pdf",2017,"3",26800,"mtCO2e","mt CO2e","79","Scope 3","Table"
"stantec inc_2019_report.pdf",2018,"3",29318,"mtCO2e","mt CO2e","79","Scope 3","Table"
"stantec inc_2019_report.pdf",2019,"3",29301,"mtCO2e","mt CO2e","79","Scope 3","Table"
"sumitomo corporation_2021_report.pdf",2020,"1",1526724,"tCO2e","t CO2e","136","Scope 1/Scope 1: 1,526,724","Text"
"sumitomo corporation_2021_report.pdf",2017,"2lb",752378,"tCO2e","t CO2e","121","Scope2","Table"
"sumitomo corporation_2021_report.pdf",2018,"2lb",630412,"tCO2e","t CO2e","121","Scope2","Table"
"sumitomo corporation_2021_report.pdf",2019,"2lb",683156,"tCO2e","t CO2e","121","Scope2","Table"
"sumitomo corporation_2021_report.pdf",2020,"2lb",652611,"t-CO2e","t CO2e","121","Scope2","Table"
"sumitomo corporation_2021_report.pdf",2017,"3",73980,"t-CO2e","t CO2e","121","GHG Emissions (Scope3)","Table"
"sumitomo corporation_2021_report.pdf",2018,"3",71320,"t-CO2e","t CO2e","121","GHG Emissions (Scope3)","Table"
"sumitomo corporation_2021_report.pdf",2019,"3",62187,"t-CO2e","t CO2e","121","GHG Emissions (Scope3)","Table"
"sumitomo corporation_2021_report.pdf",2020,"3",34381,"t-CO2e","t CO2e","121","GHG Emissions (Scope3)","Table"
"kfw_2018_report.pdf",2014,"1",4636,"tonnes","t","91","Emissions from direct energy consumption (Scope 1)","Table"
"kfw_2018_report.pdf",2015,"1",5095,"tonnes","t","91","Emissions from direct energy consumption (Scope 1)","Table"
"kfw_2018_report.pdf",2016,"1",5260,"tonnes","t","91","Emissions from direct energy consumption (Scope 1)","Table"
"kfw_2018_report.pdf",2017,"1",5616,"tonnes","t","91","Emissions from direct energy consumption (Scope 1)","Table"
"kfw_2018_report.pdf",2018,"1",5571,"tonnes","t","91","Emissions from direct energy consumption (Scope 1)","Table"
"kfw_2018_report.pdf",2017,"2lb",16592,"tonnes","t","91","Location-based, 2017","Table"
"kfw_2018_report.pdf",2018,"2lb",9564,"tonnes","t","91","Location-based, 2018","Table"
"kfw_2018_report.pdf",2017,"2mb",16257,"tonnes","t","91","Market-based, 2017","Table"
"kfw_2018_report.pdf",2018,"2mb",7732,"tonnes","t","91","Market-based, 2018","Table"
"toshiba tec corp_2022_report.pdf",2020,"1",3,"thousand t-CO2","kt CO2","31","Direct emissions (Scope 1)","Table"
"toshiba tec corp_2022_report.pdf",2021,"1",3.1,"thousand t-CO2","kt CO2","31","Direct emissions (Scope 1)","Table"
"toshiba tec corp_2022_report.pdf",2020,"2lb",48.8,"thousand t-CO 2","kt CO2","31","Indirect emissions associated with energy use (Scope 2)","Table"
"toshiba tec corp_2022_report.pdf",2021,"2lb",45.5,"thousand t-CO 2","kt CO2","31","Indirect emissions associated with energy use (Scope 2)","Table"
"varta ag_2021_report.pdf",2019,"1",3598,"CO2-eq t","CO2e t","39","VARTA AG’s GHG emissions in CO2 eq t - Scope 1/Scope 1","Table/Graphic"
"varta ag_2021_report.pdf",2020,"1",4417,"CO2-eq t","CO2e t","39","VARTA AG’s GHG emissions in CO2 eq t - Scope 1/Scope 1","Table/Graphic"
"varta ag_2021_report.pdf",2021,"1",5894,"CO2-eq t","CO2e t","39","VARTA AG’s GHG emissions in CO2 eq t - Scope 1/Scope 1","Table/Graphic"
"varta ag_2021_report.pdf",2019,"2lb",17038,"CO2-eq t","CO2e t","39","The location-based approach would result in the following ﬁgures","Other/Graphic"
"varta ag_2021_report.pdf",2020,"2lb",20885,"CO2-eq t","CO2e t","39","The location-based approach would result in the following ﬁgures","Other/Graphic"
"varta ag_2021_report.pdf",2021,"2lb",23503,"CO2-eq t","CO2e t","39","The location-based approach would result in the following ﬁgures","Other/Graphic"
"varta ag_2021_report.pdf",2019,"2mb",10347,"CO2-eq t","CO2e t","39","VARTA AG’s GHG emissions in CO2 eq t - Scope 2","Table"
"varta ag_2021_report.pdf",2020,"2mb",12296,"CO2-eq t","CO2e t","39","VARTA AG’s GHG emissions in CO2 eq t - Scope 2","Table"
"varta ag_2021_report.pdf",2021,"2mb",1168,"CO2-eq t","CO2e t","39","VARTA AG’s GHG emissions in CO2 eq t - Scope 2","Table"
"uniper_2019_report.pdf",2017,"1",63.3,"million metric tons","million t","15","Direct CO2 emissions from fuel combustion by country GRI 305-1","Table"
"uniper_2019_report.pdf",2017,"1",63.3,"million metric tons","million t","66","Direct CO2 emissions from fuel combustion by country GRI 305-1","Table"
"uniper_2019_report.pdf",2018,"1",59.5,"million metric tons","million t","15","Direct CO2 emissions from fuel combustion by country GRI 305-1","Table"
"uniper_2019_report.pdf",2018,"1",59.5,"million metric tons","million t","66","Direct CO2 emissions from fuel combustion by country GRI 305-1","Table"
"uniper_2019_report.pdf",2019,"1",47,"million metric tons","million t","15","Direct CO2 emissions from fuel combustion by country GRI 305-1","Table"
"uniper_2019_report.pdf",2019,"1",47,"million metric tons","million t","66","Direct CO2 emissions from fuel combustion by country GRI 305-1","Table"
"uniper_2019_report.pdf",2018,"2lb",1101032,"metric tons","t","66","Greenhouse Gas Protocol Scope 2 Location-based method","Table"
"uniper_2019_report.pdf",2019,"2lb",1.12,"million metric tons CO2","million t CO2","16","Scope 2 indirect emissions using the location-based method","Text"
"uniper_2019_report.pdf",2019,"2lb",1129277,"metric tons","t","66","Greenhouse Gas Protocol Scope 2 Location-based method","Table"
"uniper_2019_report.pdf",2018,"2mb",1676689,"metric tons","t","66","Greenhouse Gas Protocol Scope 2 Market-based method","Table"
"uniper_2019_report.pdf",2019,"2mb",1.57,"million metric tons CO2","million t CO2","16","Scope 2 indirect emissions using the market-based method","Text"
"uniper_2019_report.pdf",2019,"2mb",1573672,"metric tons","t","66","Greenhouse Gas Protocol Scope 2 Market-based method","Table"
"uniper_2019_report.pdf",2018,"3",10.3,"million metric tons CO2","million t CO2","16","Scope 3 indirect emissions related to extraction and transportation of consumed
fuels","Text"
"uniper_2019_report.pdf",2019,"3",8.7,"million metric tons CO2","million t CO2","16","Scope 3 indirect emissions related to extraction and transportation of consumed
fuels","Text"
"uniper_2019_report.pdf",2019,"3",8.7,"m metric t CO2","m t CO2","67","Upstream indirect Scope 3 CO2 emissions","Table"
"webuild_2019_report.pdf",2017,"1",566952,"tCO2e","t CO2e","44","Direct emissions (Scope 1)","Table"
"webuild_2019_report.pdf",2018,"1",467234,"tCO2e","t CO2e","44","Direct emissions (Scope 1)","Table"
"webuild_2019_report.pdf",2019,"1",350593,"tCO2e","t CO2e","44","Direct emissions (Scope 1)","Table"
"webuild_2019_report.pdf",2017,"2lb",43388,"tCO2e","t CO2e","44","Indirect emissions (Scope 2)","Table"
"webuild_2019_report.pdf",2018,"2lb",54637,"tCO2e","t CO2e","44","Indirect emissions (Scope 2)","Table"
"webuild_2019_report.pdf",2019,"2lb",43371,"tCO2e","t CO2e","44","Indirect emissions (Scope 2)","Table"
"webuild_2019_report.pdf",2017,"3",137577,"tCO2e","t CO2e","44","Other indirect emissions (Scope 3)/Other indirect emissions (Scope 3) tCO2e 137,577","Table"
"webuild_2019_report.pdf",2018,"3",117528,"tCO2e","t CO2e","44","Other indirect emissions (Scope 3)/Other indirect emissions (Scope 3) tCO2e 137,577","Table"
"webuild_2019_report.pdf",2019,"3",61573,"tCO2e","t CO2e","44","Other indirect emissions (Scope 3)/Other indirect emissions (Scope 3) tCO2e 137,577","Table"
