report_name,scope,year,value,unit,label,year_rule
Allianz_2022_report,scope_1,2022,30953.0,t CO2e,Direct GHG emissions,plain
Allianz_2022_report,scope_1,2021,28699.0,t CO2e,Direct GHG emissions,plain
Allianz_2022_report,scope_1,2020,28714.0,t CO2e,Direct GHG emissions,plain
Allianz_2022_report,scope_2_market_based,2022,30490.0,t CO2e,Indirect GHG emissions (market based),plain
Allianz_2022_report,scope_2_market_based,2021,54689.0,t CO2e,Indirect GHG emissions (market based),plain
Allianz_2022_report,scope_2_market_based,2020,100722.0,t CO2e,Indirect GHG emissions (market based),plain
Allianz_2022_report,scope_2_location_based,2022,138339.0,t CO2e,Indirect GHG emissions (location based),plain
Allianz_2022_report,scope_2_location_based,2021,149599.0,t CO2e,Indirect GHG emissions (location based),plain
Allianz_2022_report,scope_2_location_based,2020,180826.0,t CO2e,Indirect GHG emissions (location based),plain
Allianz_2022_report,scope_3,2022,92467.0,t CO2e,Other indirect GHG emissions,plain
Allianz_2022_report,scope_3,2021,55359.0,t CO2e,Other indirect GHG emissions,plain
Allianz_2022_report,scope_3,2020,73916.0,t CO2e,Other indirect GHG emissions,plain
Daimler_2020_report,scope_1,2016,1056.0,"1,000 t",CO₂ direct (Scope 1),plain
Daimler_2020_report,scope_1,2017,1192.0,"1,000 t",CO₂ direct (Scope 1),plain
Daimler_2020_report,scope_1,2018,1247.0,"1,000 t",CO₂ direct (Scope 1),plain
Daimler_2020_report,scope_1,2019,1239.0,"1,000 t",CO₂ direct (Scope 1),plain
Daimler_2020_report,scope_1,2020,1027.0,"1,000 t",CO₂ direct (Scope 1),plain
Daimler_2020_report,scope_2_market_based,2016,1882.0,"1,000 t",CO₂ indirect (Scope 2) - market-based,plain
Daimler_2020_report,scope_2_market_based,2017,1763.0,"1,000 t",CO₂ indirect (Scope 2) - market-based,plain
Daimler_2020_report,scope_2_market_based,2018,1687.0,"1,000 t",CO₂ indirect (Scope 2) - market-based,plain
Daimler_2020_report,scope_2_market_based,2019,1276.0,"1,000 t",CO₂ indirect (Scope 2) - market-based,plain
Daimler_2020_report,scope_2_market_based,2020,1035.0,"1,000 t",CO₂ indirect (Scope 2) - market-based,plain
Daimler_2020_report,scope_2_location_based,2016,2141.0,"1,000 t",CO₂ indirect (Scope 2) - location-based,plain
Daimler_2020_report,scope_2_location_based,2017,2041.0,"1,000 t",CO₂ indirect (Scope 2) - location-based,plain
Daimler_2020_report,scope_2_location_based,2018,1985.0,"1,000 t",CO₂ indirect (Scope 2) - location-based,plain
Daimler_2020_report,scope_2_location_based,2019,1706.0,"1,000 t",CO₂ indirect (Scope 2) - location-based,plain
Daimler_2020_report,scope_2_location_based,2020,1492.0,"1,000 t",CO₂ indirect (Scope 2) - location-based,plain
Daimler_2020_report,scope_3,2020,8.1,tons per vehicle,Scope 3 Production: Procured goods and services,plain
Daimler_2020_report,scope_3,2020,1.0,tons per vehicle,Scope 3 Logistics: Transport and distribution (upstream and downstream),plain
Daimler_2020_report,scope_3,2020,5.6,tons per vehicle,Scope 3 Use phase: Fuel and electricity production (well-to-tank),plain
Daimler_2020_report,scope_3,2020,33.7,tons per vehicle,Scope 3 Use phase: Vehicle operation (tank-to-wheel),plain
Daimler_2020_report,scope_3,2020,0.4,tons per vehicle,Scope 3 End of Life: Recycling and waste disposal,plain
Fresenius SE_2019_report,scope_1,2019,517.0,t CO₂ equivalents in thousands,Total,plain
Fresenius SE_2019_report,scope_1,2019,227.0,t CO₂ equivalents in thousands,Fresenius Medical Care,plain
Fresenius SE_2019_report,scope_1,2019,165.0,t CO₂ equivalents in thousands,Fresenius Kabi,plain
Fresenius SE_2019_report,scope_1,2019,107.0,t CO₂ equivalents in thousands,Fresenius Helios,plain
Fresenius SE_2019_report,scope_1,2019,18.0,t CO₂ equivalents in thousands,Fresenius Vamed,plain
Fresenius SE_2019_report,scope_1,2018,521.0,t CO₂ equivalents in thousands,Total,plain
Fresenius SE_2019_report,scope_1,2018,219.0,t CO₂ equivalents in thousands,Fresenius Medical Care,plain
Fresenius SE_2019_report,scope_1,2018,169.0,t CO₂ equivalents in thousands,Fresenius Kabi,plain
Fresenius SE_2019_report,scope_1,2018,114.0,t CO₂ equivalents in thousands,Fresenius Helios,plain
Fresenius SE_2019_report,scope_1,2018,19.0,t CO₂ equivalents in thousands,Fresenius Vamed,plain
Fresenius SE_2019_report,scope_1,2017,248.0,t CO₂ equivalents in thousands,Fresenius Kabi,plain
Fresenius SE_2019_report,scope_1,2017,103.0,t CO₂ equivalents in thousands,Fresenius Helios,plain
Fresenius SE_2019_report,scope_1,2017,6.0,t CO₂ equivalents in thousands,Fresenius Vamed,plain
Fresenius SE_2019_report,scope_2_market_based,2019,992.0,t CO₂ equivalents in thousands,Total,plain
Fresenius SE_2019_report,scope_2_market_based,2019,547.0,t CO₂ equivalents in thousands,Fresenius Medical Care,plain
Fresenius SE_2019_report,scope_2_market_based,2019,249.0,t CO₂ equivalents in thousands,Fresenius Kabi,plain
Fresenius SE_2019_report,scope_2_market_based,2019,178.0,t CO₂ equivalents in thousands,Fresenius Helios,plain
Fresenius SE_2019_report,scope_2_market_based,2019,18.0,t CO₂ equivalents in thousands,Fresenius Vamed,plain
Fresenius SE_2019_report,scope_2_market_based,2018,1013.0,t CO₂ equivalents in thousands,Total,plain
Fresenius SE_2019_report,scope_2_market_based,2018,557.0,t CO₂ equivalents in thousands,Fresenius Medical Care,plain
Fresenius SE_2019_report,scope_2_market_based,2018,255.0,t CO₂ equivalents in thousands,Fresenius Kabi,plain
Fresenius SE_2019_report,scope_2_market_based,2018,182.0,t CO₂ equivalents in thousands,Fresenius Helios,plain
Fresenius SE_2019_report,scope_2_market_based,2018,19.0,t CO₂ equivalents in thousands,Fresenius Vamed,plain
Fresenius SE_2019_report,scope_2_market_based,2017,174.0,t CO₂ equivalents in thousands,Fresenius Medical Care,plain
Fresenius SE_2019_report,scope_2_market_based,2017,152.0,t CO₂ equivalents in thousands,Fresenius Helios,plain
ViacomCBS_ESG Report_2020-2021_vFINAL,scope_1,2014,8297.0,metric tons CO₂e,Scope 1,plain
ViacomCBS_ESG Report_2020-2021_vFINAL,scope_1,2015,9045.0,metric tons CO₂e,Scope 1,plain
ViacomCBS_ESG Report_2020-2021_vFINAL,scope_1,2016,24672.0,metric tons CO₂e,Scope 1,plain
ViacomCBS_ESG Report_2020-2021_vFINAL,scope_1,2017,26834.0,metric tons CO₂e,Scope 1,plain
ViacomCBS_ESG Report_2020-2021_vFINAL,scope_1,2018,31737.0,metric tons CO₂e,Scope 1,plain
ViacomCBS_ESG Report_2020-2021_vFINAL,scope_1,2019,38240.0,metric tons CO₂e,Scope 1,plain
ViacomCBS_ESG Report_2020-2021_vFINAL,scope_1,2020,32097.0,metric tons CO₂e,Scope 1,plain
ViacomCBS_ESG Report_2020-2021_vFINAL,scope_2_market_based,2014,37114.0,metric tons CO₂e,Scope 2 (market-based),plain
ViacomCBS_ESG Report_2020-2021_vFINAL,scope_2_market_based,2015,50828.0,metric tons CO₂e,Scope 2 (market-based),plain
ViacomCBS_ESG Report_2020-2021_vFINAL,scope_2_market_based,2016,213701.0,metric tons CO₂e,Scope 2 (market-based),plain
ViacomCBS_ESG Report_2020-2021_vFINAL,scope_2_market_based,2017,219375.0,metric tons CO₂e,Scope 2 (market-based),plain
ViacomCBS_ESG Report_2020-2021_vFINAL,scope_2_market_based,2018,219385.0,metric tons CO₂e,Scope 2 (market-based),plain
ViacomCBS_ESG Report_2020-2021_vFINAL,scope_2_market_based,2019,123106.0,metric tons CO₂e,Scope 2 (market-based),plain
ViacomCBS_ESG Report_2020-2021_vFINAL,scope_2_market_based,2020,134333.0,metric tons CO₂e,Scope 2 (market-based),plain
ViacomCBS_ESG Report_2020-2021_vFINAL,scope_2_location_based,2014,39252.0,metric tons CO₂e,Scope 2 (location-based),plain
ViacomCBS_ESG Report_2020-2021_vFINAL,scope_2_location_based,2015,50828.0,metric tons CO₂e,Scope 2 (location-based),plain
ViacomCBS_ESG Report_2020-2021_vFINAL,scope_2_location_based,2016,216737.0,metric tons CO₂e,Scope 2 (location-based),plain
ViacomCBS_ESG Report_2020-2021_vFINAL,scope_2_location_based,2017,219851.0,metric tons CO₂e,Scope 2 (location-based),plain
ViacomCBS_ESG Report_2020-2021_vFINAL,scope_2_location_based,2018,229073.0,metric tons CO₂e,Scope 2 (location-based),plain
ViacomCBS_ESG Report_2020-2021_vFINAL,scope_2_location_based,2019,144268.0,metric tons CO₂e,Scope 2 (location-based),plain
ViacomCBS_ESG Report_2020-2021_vFINAL,scope_2_location_based,2020,139608.0,metric tons CO₂e,Scope 2 (location-based),plain
ViacomCBS_ESG Report_2020-2021_vFINAL,scope_3,2014,28499.0,metric tons CO₂e,Scope 3,plain
ViacomCBS_ESG Report_2020-2021_vFINAL,scope_3,2015,33242.0,metric tons CO₂e,Scope 3,plain
ViacomCBS_ESG Report_2020-2021_vFINAL,scope_3,2016,47190.0,metric tons CO₂e,Scope 3,plain
ViacomCBS_ESG Report_2020-2021_vFINAL,scope_3,2017,39356.0,metric tons CO₂e,Scope 3,plain
ViacomCBS_ESG Report_2020-2021_vFINAL,scope_3,2018,37891.0,metric tons CO₂e,Scope 3,plain
ViacomCBS_ESG Report_2020-2021_vFINAL,scope_3,2019,819682.0,metric tons CO₂e,Scope 3,plain
ViacomCBS_ESG Report_2020-2021_vFINAL,scope_3,2020,6897654.0,metric tons CO₂e,Scope 3 (market-based),plain
acuity brands inc_2022_report,scope_1,2022,34327.0,MT CO2e,Total Scope 1,plain
acuity brands inc_2022_report,scope_2_market_based,2022,42234.0,MT CO2e,Total Scope 2,plain
acuity brands inc_2022_report,scope_2_location_based,2022,46637.0,MtCO2e,FY 2022 Scope 2 Emissions (Location based),plain
acuity brands inc_2022_report,scope_3,2022,35119419.0,MT CO2e,Total Scope 3,plain
addtech_2022_report,scope_1,2022,2041.0,tonnes CO2e,SCOPE 1 (tonnes CO2e),range_later_year
addtech_2022_report,scope_1,2021,1910.0,tonnes CO2e,SCOPE 1 (tonnes CO2e),range_later_year
addtech_2022_report,scope_1,2020,2071.0,tonnes CO2e,SCOPE 1 (tonnes CO2e),range_later_year
addtech_2022_report,scope_2_market_based,2022,4087.0,tonnes CO2e,"Emissions, energy consumption – Market Based Method (tonnes CO2e)",range_later_year
addtech_2022_report,scope_2_market_based,2021,4250.0,tonnes CO2e,"Emissions, energy consumption – Market Based Method (tonnes CO2e)",range_later_year
addtech_2022_report,scope_2_location_based,2022,3709.0,tonnes CO2e,"Emissions, energy consumption – Location Based Method (tonnes CO2e)",range_later_year
addtech_2022_report,scope_2_location_based,2021,3395.0,tonnes CO2e,"Emissions, energy consumption – Location Based Method (tonnes CO2e)",range_later_year
addtech_2022_report,scope_2_location_based,2020,3979.0,tonnes CO2e,"Emissions, energy consumption – Location Based Method (tonnes CO2e)",range_later_year
addtech_2022_report,scope_3,2022,22961.0,tonnes CO2e,SCOPE 3 (tonnes CO2e),range_later_year
addtech_2022_report,scope_3,2021,19860.0,tonnes CO2e,SCOPE 3 (tonnes CO2e),range_later_year
addtech_2022_report,scope_3,2020,23132.0,tonnes CO2e,SCOPE 3 (tonnes CO2e),range_later_year
aixtron_2020_report,scope_1,2017,5056.7,tonnes,Herzogenrath site total (CO2e),plain
aixtron_2020_report,scope_1,2018,0.0,tonnes,Herzogenrath site total (CO2e),plain
aixtron_2020_report,scope_1,2019,0.0,tonnes,Herzogenrath site total (CO2e),plain
aixtron_2020_report,scope_1,2020,322.84,tonnes,Consolidated total (CO2e),plain
aixtron_2020_report,scope_2_market_based,2017,5408.0,tonnes,Herzogenrath site total (CO2e),plain
aixtron_2020_report,scope_2_market_based,2018,445.0,tonnes,Herzogenrath site total (CO2e),plain
aixtron_2020_report,scope_2_market_based,2019,381.0,tonnes,Herzogenrath site total (CO2e),plain
aixtron_2020_report,scope_2_market_based,2020,398.14,tonnes,Consolidated total (CO2e),plain
aixtron_2020_report,scope_3,2020,1310.1,tonnes,Consolidated total (CO2e),plain
allfunds group_2021_report,scope_1,2020,0.0,t CO2eq,Total Scope 1 emissions for all sites,plain
allfunds group_2021_report,scope_1,2021,7.31,t CO2eq,Total Scope 1 emissions for all sites,plain
allfunds group_2021_report,scope_2_market_based,2020,91.69,t CO2eq,Total Scope 2 emissions for all sites,plain
allfunds group_2021_report,scope_2_market_based,2021,30.39,t CO2eq,Total Scope 2 emissions for all sites,plain
allfunds group_2021_report,scope_3,2020,393.82,t CO2eq,Total Scope 3 emissions for Spain,plain
americold realty inc_2022_report,scope_1,2021,72134.0,MTCO2e,Total Company,plain
americold realty inc_2022_report,scope_1,2022,102340.0,MTCO2e,Total Company,plain
americold realty inc_2022_report,scope_1,2022,81949.0,MTCO2e,Same Store,plain
americold realty inc_2022_report,scope_1,2022,20391.0,MTCO2e,Not Same Store,plain
americold realty inc_2022_report,scope_2_market_based,2021,556660.0,MTCO2e,Total Company,plain
americold realty inc_2022_report,scope_2_market_based,2022,554491.0,MTCO2e,Total Company,plain
americold realty inc_2022_report,scope_2_market_based,2022,490390.0,MTCO2e,Same Store,plain
americold realty inc_2022_report,scope_2_market_based,2022,64101.0,MTCO2e,Not Same Store,plain
americold realty inc_2022_report,scope_3,2021,1067697.0,MTCO2e,Total Company,plain
americold realty inc_2022_report,scope_3,2022,611634.0,MTCO2e,Total Company,plain
americold realty inc_2022_report,scope_3,2022,599415.0,MTCO2e,Same Store,plain
americold realty inc_2022_report,scope_3,2022,12218.0,MTCO2e,Not Same Store,plain
atlas arteria_2019_report,scope_1,2016,6182.0,tonnes CO2e,APRR only,plain
atlas arteria_2019_report,scope_1,2017,6541.0,tonnes CO2e,APRR only,plain
atlas arteria_2019_report,scope_1,2018,5942.0,tonnes CO2e,APRR only,plain
atlas arteria_2019_report,scope_1,2019,6027.0,tonnes CO2e,APRR only,plain
atlas arteria_2019_report,scope_2_market_based,2016,1291.0,tonnes CO2e,APRR only,plain
atlas arteria_2019_report,scope_2_market_based,2017,1244.0,tonnes CO2e,APRR only,plain
atlas arteria_2019_report,scope_2_market_based,2018,957.0,tonnes CO2e,APRR only,plain
atlas arteria_2019_report,scope_2_market_based,2019,773.0,tonnes CO2e,APRR only,plain
atlas arteria_2019_report,scope_3,2016,1913208.0,tonnes CO2e,APRR only,plain
atlas arteria_2019_report,scope_3,2017,2135936.0,tonnes CO2e,APRR only,plain
atlas arteria_2019_report,scope_3,2018,2212963.0,tonnes CO2e,APRR only,plain
atlas arteria_2019_report,scope_3,2019,2230582.0,tonnes CO2e,APRR only,plain
autoneum holding_2019_report,scope_1,2019,116274.0,metric tons CO2 equivalents,Scope 1,plain
autoneum holding_2019_report,scope_1,2018,109577.0,metric tons CO2 equivalents,Scope 1,plain
autoneum holding_2019_report,scope_1,2017,81077.0,metric tons CO2 equivalents,Scope 1,plain
autoneum holding_2019_report,scope_2_market_based,2019,264287.0,metric tons CO2 equivalents,Scope 2,plain
autoneum holding_2019_report,scope_2_market_based,2018,256550.0,metric tons CO2 equivalents,Scope 2,plain
autoneum holding_2019_report,scope_2_market_based,2017,235014.0,metric tons CO2 equivalents,Scope 2,plain
autoneum holding_2019_report,scope_2_location_based,2019,264287.0,metric tons CO2 equivalents,Scope 2,plain
autoneum holding_2019_report,scope_2_location_based,2018,256550.0,metric tons CO2 equivalents,Scope 2,plain
autoneum holding_2019_report,scope_2_location_based,2017,235014.0,metric tons CO2 equivalents,Scope 2,plain
autoneum holding_2019_report,scope_3,2019,420238.0,metric tons CO2 equivalents,Scope 3,plain
autoneum holding_2019_report,scope_3,2018,525214.0,metric tons CO2 equivalents,Scope 3,plain
autoneum holding_2019_report,scope_3,2017,448185.0,metric tons CO2 equivalents,Scope 3,plain
bekaert (d) sa_2022_report,scope_1,2019,316951.0,ton CO2,Total Scope 1 GHG emissions,plain
bekaert (d) sa_2022_report,scope_1,2020,316951.0,ton CO2,Total Scope 1 GHG emissions,plain
bekaert (d) sa_2022_report,scope_1,2021,316951.0,ton CO2,Total Scope 1 GHG emissions,plain
bekaert (d) sa_2022_report,scope_1,2022,316951.0,ton CO2,Total Scope 1 GHG emissions,plain
bekaert (d) sa_2022_report,scope_2_market_based,2019,1657859.0,ton CO2,Total Scope 1 & 2 GHG emissions (excluding JVs),plain
bekaert (d) sa_2022_report,scope_2_market_based,2020,1508077.0,ton CO2,Total Scope 1 & 2 GHG emissions (excluding JVs),plain
bekaert (d) sa_2022_report,scope_2_market_based,2021,1647254.0,ton CO2,Total Scope 1 & 2 GHG emissions (excluding JVs),plain
bekaert (d) sa_2022_report,scope_2_market_based,2022,1510987.0,ton CO2,Total Scope 1 & 2 GHG emissions (excluding JVs),plain
bekaert (d) sa_2022_report,scope_2_location_based,2019,1741837.0,ton CO2,Total Scope 1 & 2 GHG emissions (including JVs),plain
bekaert (d) sa_2022_report,scope_2_location_based,2020,1583568.0,ton CO2,Total Scope 1 & 2 GHG emissions (including JVs),plain
bekaert (d) sa_2022_report,scope_2_location_based,2021,1752900.0,ton CO2,Total Scope 1 & 2 GHG emissions (including JVs),plain
bekaert (d) sa_2022_report,scope_2_location_based,2022,1606581.0,ton CO2,Total Scope 1 & 2 GHG emissions (including JVs),plain
bekaert (d) sa_2022_report,scope_3,2019,6045636.0,ton CO2e,Total Scope 3 emissions,plain
bekaert (d) sa_2022_report,scope_3,2021,6736962.0,ton CO2e,Total Scope 3 emissions,plain
bekaert (d) sa_2022_report,scope_3,2022,6187086.0,ton CO2e,Total Scope 3 emissions,plain
blackline safety_2021_report,scope_1,2021,215.0,MT CO2e,Scope 1 - MT CO2e,plain
blackline safety_2021_report,scope_1,2020,165.6,MT CO2e,Scope 1 - MT CO2e,plain
blackline safety_2021_report,scope_2_location_based,2021,576.0,MT CO2e,Scope 2 - MT CO2e*,plain
blackline safety_2021_report,scope_2_location_based,2020,227.4,MT CO2e,Scope 2 - MT CO2e*,plain
blackline safety_2021_report,scope_3,2021,1606.2,MT CO2e,Scope 3 - MT CO2e**,plain
blackline safety_2021_report,scope_3,2020,1661.2,MT CO2e,Scope 3 - MT CO2e**,plain
cabot corp_2018_report,scope_1,2016,4.5,MM MT CO2e,ABSOLUTE EMISSIONS,plain
cabot corp_2018_report,scope_1,2017,4.58,MM MT CO2e,ABSOLUTE EMISSIONS,plain
cabot corp_2018_report,scope_1,2018,4.77,MM MT CO2e,ABSOLUTE EMISSIONS,plain
cabot corp_2018_report,scope_2_market_based,2016,0.34,MM MT CO2e,ABSOLUTE EMISSIONS,plain
cabot corp_2018_report,scope_2_market_based,2017,0.33,MM MT CO2e,ABSOLUTE EMISSIONS,plain
cabot corp_2018_report,scope_2_market_based,2018,0.32,MM MT CO2e,ABSOLUTE EMISSIONS,plain
cardinal energy ltd_2021_report,scope_1,2019,188.0,10³ tonnes CO₂e,Direct GHG emissions,plain
cardinal energy ltd_2021_report,scope_1,2019,5609.0,10³m³/yr,Vented natural gas,plain
cardinal energy ltd_2021_report,scope_1,2019,8428.0,10³m³/yr,Flared natural gas,plain
cardinal energy ltd_2021_report,scope_1,2020,160.0,10³ tonnes CO₂e,Direct GHG emissions,plain
cardinal energy ltd_2021_report,scope_1,2020,3727.0,10³m³/yr,Vented natural gas,plain
cardinal energy ltd_2021_report,scope_1,2020,7873.0,10³m³/yr,Flared natural gas,plain
cardinal energy ltd_2021_report,scope_1,2021,231.0,10³ tonnes CO₂e,Direct GHG emissions,plain
cardinal energy ltd_2021_report,scope_1,2021,4178.0,10³m³/yr,Vented natural gas,plain
cardinal energy ltd_2021_report,scope_1,2021,12404.0,10³m³/yr,Flared natural gas,plain
cardinal energy ltd_2021_report,scope_2_market_based,2019,277.0,10³ tonnes CO₂e,Indirect GHG emissions,plain
cardinal energy ltd_2021_report,scope_2_market_based,2020,259.0,10³ tonnes CO₂e,Indirect GHG emissions,plain
cardinal energy ltd_2021_report,scope_2_market_based,2021,228.0,10³ tonnes CO₂e,Indirect GHG emissions,plain
comerica inc_2019_report,scope_1,2018,6371.0,Metric tons of CO2e,"Scope 1 GHG emissions- natural gas, jet fuel, diesel, gasoline, and refrigerants",plain
comerica inc_2019_report,scope_1,2019,6304.0,Metric tons of CO2e,"Scope 1 GHG emissions- natural gas, jet fuel, diesel, gasoline, and refrigerants",plain
comerica inc_2019_report,scope_2_market_based,2018,39916.0,Metric tons of CO2e,"Scope 2 GHG emissions- electricity, steam, and chilled water in company-controlled buildings",plain
comerica inc_2019_report,scope_2_market_based,2019,36316.0,Metric tons of CO2e,"Scope 2 GHG emissions- electricity, steam, and chilled water in company-controlled buildings",plain
comerica inc_2019_report,scope_3,2018,5257.0,Metric tons of CO2e,Total lifecycle paper emissions,plain
comerica inc_2019_report,scope_3,2018,3031.0,Metric tons of CO2e,Total lifecycle computer emissions,plain
comerica inc_2019_report,scope_3,2018,289.0,Metric tons of CO2e,Total lifecycle carpeting emissions,plain
comerica inc_2019_report,scope_3,2018,1283.0,Metric tons of CO2e,Total lifecycle furniture emissions,plain
comerica inc_2019_report,scope_3,2018,1868.0,Metric tons of CO2e,Electricity transmission/distribution loss emissions,plain
comerica inc_2019_report,scope_3,2018,133.0,Metric tons of CO2e,Shipping emissions,plain
comerica inc_2019_report,scope_3,2018,59.0,Metric tons of CO2e,Armored vehicle emissions,plain
comerica inc_2019_report,scope_3,2018,514.0,Metric tons of CO2e,Scope 3 lifecycle emissions associated with landfilled mixed solid waste,plain
comerica inc_2019_report,scope_3,2018,3453.0,Metric tons of CO2e,Employee business travel by air and car,plain
comerica inc_2019_report,scope_3,2018,25544.0,Metric tons of CO2e,Employee commuting emissions,plain
comerica inc_2019_report,scope_3,2018,1027.0,Metric tons of CO2e,Total subleased emissions,plain
comerica inc_2019_report,scope_3,2018,175.0,Metric tons of CO2e,Subleased corporate jet emissions,plain
comerica inc_2019_report,scope_3,2018,181.0,Metric tons of CO2e,CBRE Business Travel on Comerica Account,plain
comerica inc_2019_report,scope_3,2019,4560.0,Metric tons of CO2e,Total lifecycle paper emissions,plain
comerica inc_2019_report,scope_3,2019,2816.0,Metric tons of CO2e,Total lifecycle computer emissions,plain
comerica inc_2019_report,scope_3,2019,504.0,Metric tons of CO2e,Total lifecycle carpeting emissions,plain
comerica inc_2019_report,scope_3,2019,989.0,Metric tons of CO2e,Total lifecycle furniture emissions,plain
comerica inc_2019_report,scope_3,2019,1708.0,Metric tons of CO2e,Electricity transmission/distribution loss emissions,plain
comerica inc_2019_report,scope_3,2019,195.0,Metric tons of CO2e,Shipping emissions,plain
comerica inc_2019_report,scope_3,2019,69.0,Metric tons of CO2e,Armored vehicle emissions,plain
comerica inc_2019_report,scope_3,2019,505.0,Metric tons of CO2e,Scope 3 lifecycle emissions associated with landfilled mixed solid waste,plain
comerica inc_2019_report,scope_3,2019,3515.0,Metric tons of CO2e,Employee business travel by air and car,plain
comerica inc_2019_report,scope_3,2019,25837.0,Metric tons of CO2e,Employee commuting emissions,plain
comerica inc_2019_report,scope_3,2019,629.0,Metric tons of CO2e,Total subleased emissions,plain
comerica inc_2019_report,scope_3,2019,149.0,Metric tons of CO2e,Subleased corporate jet emissions,plain
comerica inc_2019_report,scope_3,2019,171.0,Metric tons of CO2e,CBRE Business Travel on Comerica Account,plain
cytokinetics inc_2022_report,scope_1,2022,0.67,metric kilotons CO2e,Scope 1,plain
cytokinetics inc_2022_report,scope_2_market_based,2022,0.83,metric kilotons CO2e,Scope 2,plain
dampskibsselskabet norden_2019_report,scope_1,2019,4088.0,"1,000 tonnes",Direct CO2 emissions (Scope 1 GHG protocol),plain
dampskibsselskabet norden_2019_report,scope_1,2018,3829.0,"1,000 tonnes",Direct CO2 emissions (Scope 1 GHG protocol),plain
dampskibsselskabet norden_2019_report,scope_1,2017,3757.0,"1,000 tonnes",Direct CO2 emissions (Scope 1 GHG protocol),plain
dampskibsselskabet norden_2019_report,scope_2_market_based,2019,0.2,"1,000 tonnes",Indirect CO2 emissions (Scope 2 GHG protocol),plain
dampskibsselskabet norden_2019_report,scope_2_market_based,2018,0.4,"1,000 tonnes",Indirect CO2 emissions (Scope 2 GHG protocol),plain
dampskibsselskabet norden_2019_report,scope_2_market_based,2017,0.4,"1,000 tonnes",Indirect CO2 emissions (Scope 2 GHG protocol),plain
dampskibsselskabet norden_2019_report,scope_3,2019,3.6,"1,000 tonnes",Other indirect CO2 emissions (Scope 3 GHG protocol),plain
dampskibsselskabet norden_2019_report,scope_3,2018,3.0,"1,000 tonnes",Other indirect CO2 emissions (Scope 3 GHG protocol),plain
dampskibsselskabet norden_2019_report,scope_3,2017,3.3,"1,000 tonnes",Other indirect CO2 emissions (Scope 3 GHG protocol),plain
evolution mining ltd_2020_report,scope_1,2020,157857.0,t CO2-e,Greenhouse gas emissions Scope 1,fy_2digit
evolution mining ltd_2020_report,scope_1,2019,155085.0,t CO2-e,Greenhouse gas emissions Scope 1,fy_2digit
evolution mining ltd_2020_report,scope_1,2018,159061.0,t CO2-e,Greenhouse gas emissions Scope 1,fy_2digit
evolution mining ltd_2020_report,scope_1,2017,167734.0,t CO2-e,Greenhouse gas emissions Scope 1,fy_2digit
evolution mining ltd_2020_report,scope_1,2016,157584.0,t CO2-e,Greenhouse gas emissions Scope 1,fy_2digit
evolution mining ltd_2020_report,scope_2_market_based,2020,398187.0,t CO2-e,Greenhouse gas emissions Scope 2,fy_2digit
evolution mining ltd_2020_report,scope_2_market_based,2019,383449.0,t CO2-e,Greenhouse gas emissions Scope 2,fy_2digit
evolution mining ltd_2020_report,scope_2_market_based,2018,394144.0,t CO2-e,Greenhouse gas emissions Scope 2,fy_2digit
evolution mining ltd_2020_report,scope_2_market_based,2017,430993.0,t CO2-e,Greenhouse gas emissions Scope 2,fy_2digit
evolution mining ltd_2020_report,scope_2_market_based,2016,472257.0,t CO2-e,Greenhouse gas emissions Scope 2,fy_2digit
fujifilm_2022_report,scope_1,2017,687.0,kt CO2e,Fujifilm Group Total,plain
fujifilm_2022_report,scope_1,2017,644.0,kt CO2e,Fujifilm,plain
fujifilm_2022_report,scope_1,2017,43.0,kt CO2e,FUJIFILM Business Innovation,plain
fujifilm_2022_report,scope_1,2018,672.0,kt CO2e,Fujifilm Group Total,plain
fujifilm_2022_report,scope_1,2018,629.0,kt CO2e,Fujifilm,plain
fujifilm_2022_report,scope_1,2018,43.0,kt CO2e,FUJIFILM Business Innovation,plain
fujifilm_2022_report,scope_1,2019,633.0,kt CO2e,Fujifilm Group Total,plain
fujifilm_2022_report,scope_1,2019,594.0,kt CO2e,Fujifilm,plain
fujifilm_2022_report,scope_1,2019,40.0,kt CO2e,FUJIFILM Business Innovation,plain
fujifilm_2022_report,scope_1,2020,603.0,kt CO2e,Fujifilm Group Total,plain
fujifilm_2022_report,scope_1,2020,567.0,kt CO2e,Fujifilm,plain
fujifilm_2022_report,scope_1,2020,36.0,kt CO2e,FUJIFILM Business Innovation,plain
fujifilm_2022_report,scope_1,2021,633.0,kt CO2e,Fujifilm Group Total,plain
fujifilm_2022_report,scope_1,2021,599.0,kt CO2e,Fujifilm,plain
fujifilm_2022_report,scope_1,2021,34.0,kt CO2e,FUJIFILM Business Innovation,plain
fujifilm_2022_report,scope_2_market_based,2017,531.0,kt CO2e,Fujifilm Group Total,plain
fujifilm_2022_report,scope_2_market_based,2017,379.0,kt CO2e,Fujifilm,plain
fujifilm_2022_report,scope_2_market_based,2017,152.0,kt CO2e,FUJIFILM Business Innovation,plain
fujifilm_2022_report,scope_2_market_based,2018,510.0,kt CO2e,Fujifilm Group Total,plain
fujifilm_2022_report,scope_2_market_based,2018,366.0,kt CO2e,Fujifilm,plain
fujifilm_2022_report,scope_2_market_based,2018,143.0,kt CO2e,FUJIFILM Business Innovation,plain
fujifilm_2022_report,scope_2_market_based,2019,451.0,kt CO2e,Fujifilm Group Total,plain
fujifilm_2022_report,scope_2_market_based,2019,325.0,kt CO2e,Fujifilm,plain
fujifilm_2022_report,scope_2_market_based,2019,126.0,kt CO2e,FUJIFILM Business Innovation,plain
fujifilm_2022_report,scope_2_market_based,2020,409.0,kt CO2e,Fujifilm Group Total,plain
fujifilm_2022_report,scope_2_market_based,2020,294.0,kt CO2e,Fujifilm,plain
fujifilm_2022_report,scope_2_market_based,2020,115.0,kt CO2e,FUJIFILM Business Innovation,plain
fujifilm_2022_report,scope_2_market_based,2021,420.0,kt CO2e,Fujifilm Group Total,plain
fujifilm_2022_report,scope_2_market_based,2021,306.0,kt CO2e,Fujifilm,plain
fujifilm_2022_report,scope_2_market_based,2021,114.0,kt CO2e,FUJIFILM Business Innovation,plain
fujifilm_2022_report,scope_2_location_based,2017,593.0,kt CO2e,Fujifilm Group Total,plain
fujifilm_2022_report,scope_2_location_based,2017,436.0,kt CO2e,Fujifilm,plain
fujifilm_2022_report,scope_2_location_based,2017,157.0,kt CO2e,FUJIFILM Business Innovation,plain
fujifilm_2022_report,scope_2_location_based,2018,576.0,kt CO2e,Fujifilm Group Total,plain
fujifilm_2022_report,scope_2_location_based,2018,427.0,kt CO2e,Fujifilm,plain
fujifilm_2022_report,scope_2_location_based,2018,149.0,kt CO2e,FUJIFILM Business Innovation,plain
fujifilm_2022_report,scope_2_location_based,2019,514.0,kt CO2e,Fujifilm Group Total,plain
fujifilm_2022_report,scope_2_location_based,2019,382.0,kt CO2e,Fujifilm,plain
fujifilm_2022_report,scope_2_location_based,2019,132.0,kt CO2e,FUJIFILM Business Innovation,plain
fujifilm_2022_report,scope_2_location_based,2020,475.0,kt CO2e,Fujifilm Group Total,plain
fujifilm_2022_report,scope_2_location_based,2020,354.0,kt CO2e,Fujifilm,plain
fujifilm_2022_report,scope_2_location_based,2020,120.0,kt CO2e,FUJIFILM Business Innovation,plain
fujifilm_2022_report,scope_2_location_based,2021,494.0,kt CO2e,Fujifilm Group Total,plain
fujifilm_2022_report,scope_2_location_based,2021,375.0,kt CO2e,Fujifilm,plain
fujifilm_2022_report,scope_2_location_based,2021,118.0,kt CO2e,FUJIFILM Business Innovation,plain
fujifilm_2022_report,scope_3,2021,3473.0,kt CO2e,Fujifilm Group Total,plain
fujifilm_2022_report,scope_3,2021,2360.0,kt CO2e,Fujifilm,plain
fujifilm_2022_report,scope_3,2021,1113.0,kt CO2e,FUJIFILM Business Innovation,plain
georg fischer ag_2018_report,scope_1,2018,312.0,1'000 tonnes,Scope 1 (Direct emissions: energy consumption),plain
georg fischer ag_2018_report,scope_1,2017,304.0,1'000 tonnes,Scope 1 (Direct emissions: energy consumption),plain
georg fischer ag_2018_report,scope_1,2016,325.0,1'000 tonnes,Scope 1 (Direct emissions: energy consumption),plain
georg fischer ag_2018_report,scope_1,2015,307.0,1'000 tonnes,Scope 1 (Direct emissions: energy consumption),plain
georg fischer ag_2018_report,scope_1,2014,313.0,1'000 tonnes,Scope 1 (Direct emissions: energy consumption),plain
georg fischer ag_2018_report,scope_2_market_based,2018,312.0,1'000 tonnes,Scope 2 (Indirect emissions: electricity and district heating),plain
georg fischer ag_2018_report,scope_2_market_based,2017,330.0,1'000 tonnes,Scope 2 (Indirect emissions: electricity and district heating),plain
georg fischer ag_2018_report,scope_2_market_based,2016,337.0,1'000 tonnes,Scope 2 (Indirect emissions: electricity and district heating),plain
georg fischer ag_2018_report,scope_2_market_based,2015,299.0,1'000 tonnes,Scope 2 (Indirect emissions: electricity and district heating),plain
georg fischer ag_2018_report,scope_2_market_based,2014,264.0,1'000 tonnes,Scope 2 (Indirect emissions: electricity and district heating),plain
georg fischer ag_2018_report,scope_3,2018,6.0,1'000 tonnes,Scope 3 (Indirect emissions: business travel),plain
georg fischer ag_2018_report,scope_3,2017,7.0,1'000 tonnes,Scope 3 (Indirect emissions: business travel),plain
georg fischer ag_2018_report,scope_3,2016,7.0,1'000 tonnes,Scope 3 (Indirect emissions: business travel),plain
georg fischer ag_2018_report,scope_3,2015,4.0,1'000 tonnes,Scope 3 (Indirect emissions: business travel),plain
georg fischer ag_2018_report,scope_3,2014,3.0,1'000 tonnes,Scope 3 (Indirect emissions: business travel),plain
graincorp_2019_report,scope_1,2016,235772.0,tCO2-e,Scope 1 GHG Emissions,fy_2digit
graincorp_2019_report,scope_1,2017,216108.0,tCO2-e,Scope 1 GHG Emissions,fy_2digit
graincorp_2019_report,scope_1,2018,211316.0,tCO2-e,Scope 1 GHG Emissions,fy_2digit
graincorp_2019_report,scope_1,2019,211400.0,tCO2-e,Scope 1 GHG Emissions,fy_2digit
graincorp_2019_report,scope_2_market_based,2016,165563.0,tCO2-e,Scope 2 GHG Emissions,fy_2digit
graincorp_2019_report,scope_2_market_based,2017,167666.0,tCO2-e,Scope 2 GHG Emissions,fy_2digit
graincorp_2019_report,scope_2_market_based,2018,151718.0,tCO2-e,Scope 2 GHG Emissions,fy_2digit
graincorp_2019_report,scope_2_market_based,2019,145806.0,tCO2-e,Scope 2 GHG Emissions,fy_2digit
granite construction inc_2020_report,scope_1,2015,132285.0,US Tons,Total Scope 1 CO2 Equivalents,plain
granite construction inc_2020_report,scope_1,2020,244727.61,US Tons,Total Scope 1 CO2 Equivalents,plain
granite construction inc_2020_report,scope_2_market_based,2020,0.0,US Tons,Not yet available; implementing reporting improvements,plain
granite construction inc_2020_report,scope_2_location_based,2020,0.0,US Tons,Not yet available; implementing reporting improvements,plain
granite construction inc_2020_report,scope_3,2020,8399.0,US Tons,Total Estimated CO2 Emissions from Employee Business Travel,plain
h. lundbeck_2021_report,scope_1,2019,29025.0,Tonne CO₂e,Scope 1 GHGs,plain
h. lundbeck_2021_report,scope_1,2020,22050.0,Tonne CO₂e,Scope 1 GHGs,plain
h. lundbeck_2021_report,scope_1,2021,24689.0,Tonne CO₂e,Scope 1 GHGs,plain
h. lundbeck_2021_report,scope_2_market_based,2019,9405.0,Tonne CO₂e,Scope 2 GHGs (market based),plain
h. lundbeck_2021_report,scope_2_market_based,2020,8480.0,Tonne CO₂e,Scope 2 GHGs (market based),plain
h. lundbeck_2021_report,scope_2_market_based,2021,7486.0,Tonne CO₂e,Scope 2 GHGs (market based),plain
h. lundbeck_2021_report,scope_2_location_based,2019,17745.0,Tonne CO₂e,Scope 2 GHGs (location based),plain
h. lundbeck_2021_report,scope_2_location_based,2020,14861.0,Tonne CO₂e,Scope 2 GHGs (location based),plain
h. lundbeck_2021_report,scope_2_location_based,2021,15798.0,Tonne CO₂e,Scope 2 GHGs (location based),plain
h. lundbeck_2021_report,scope_3,2019,99375.0,Tonne CO₂e,Scope 3 GHGs: Purchased goods and services,plain
h. lundbeck_2021_report,scope_3,2019,11815.0,Tonne CO₂e,Scope 3 GHGs: Up-stream transportation and distribution,plain
h. lundbeck_2021_report,scope_3,2019,6733.0,Tonne CO₂e,Scope 3 GHGs: Business travel,plain
h. lundbeck_2021_report,scope_3,2020,123589.0,Tonne CO₂e,Scope 3 GHGs: Purchased goods and services,plain
h. lundbeck_2021_report,scope_3,2020,12858.0,Tonne CO₂e,Scope 3 GHGs: Up-stream transportation and distribution,plain
h. lundbeck_2021_report,scope_3,2020,2950.0,Tonne CO₂e,Scope 3 GHGs: Business travel,plain
h. lundbeck_2021_report,scope_3,2021,133445.0,Tonne CO₂e,Scope 3 GHGs: Purchased goods and services,plain
h. lundbeck_2021_report,scope_3,2021,12491.0,Tonne CO₂e,Scope 3 GHGs: Up-stream transportation and distribution,plain
h. lundbeck_2021_report,scope_3,2021,2587.0,Tonne CO₂e,Scope 3 GHGs: Business travel,plain
hammerson reit_2021_report,scope_1,2020,3309.0,tCO2e,Total Scope 1 emissions,plain
hammerson reit_2021_report,scope_1,2021,4293.0,tCO2e,Total Scope 1 emissions,plain
hammerson reit_2021_report,scope_2_market_based,2020,3331.0,tCO2e,Total Scope 2 emissions (Market Based),plain
hammerson reit_2021_report,scope_2_market_based,2021,3850.0,tCO2e,Total Scope 2 emissions (Market Based),plain
hammerson reit_2021_report,scope_2_location_based,2020,13711.0,tCO2e,Total Scope 2 emissions (Location Based),plain
hammerson reit_2021_report,scope_2_location_based,2021,13210.0,tCO2e,Total Scope 2 emissions (Location Based),plain
hammerson reit_2021_report,scope_3,2020,825.0,tCO2e,Total Scope 3 emissions,plain
hammerson reit_2021_report,scope_3,2021,692.0,tCO2e,Total Scope 3 emissions,plain
hang lung properties_2018_report,scope_1,2016,2285.31,Tonnes CO₂e,Total,plain
hang lung properties_2018_report,scope_1,2017,4967.91,Tonnes CO₂e,Total,plain
hang lung properties_2018_report,scope_1,2018,3062.65,Tonnes CO₂e,Total,plain
hang lung properties_2018_report,scope_2_market_based,2016,209034.43,Tonnes CO₂e,Total,plain
hang lung properties_2018_report,scope_2_market_based,2017,231363.82,Tonnes CO₂e,Total,plain
hang lung properties_2018_report,scope_2_market_based,2018,271239.53,Tonnes CO₂e,Total,plain
hang lung properties_2018_report,scope_3,2016,449.99,Tonnes CO₂e,Total,plain
hang lung properties_2018_report,scope_3,2017,739.83,Tonnes CO₂e,Total,plain
hang lung properties_2018_report,scope_3,2018,838.22,Tonnes CO₂e,Total,plain
healius ltd_2022_report,scope_1,2022,6533.0,tonnes,Scope 1,plain
healius ltd_2022_report,scope_1,2021,6602.0,tonnes,Scope 1,plain
healius ltd_2022_report,scope_2_market_based,2022,25610.0,tonnes,Scope 2,plain
healius ltd_2022_report,scope_2_market_based,2021,27038.0,tonnes,Scope 2,plain
hudbay minerals inc_2020_report,scope_1,2020,144.0,kilotonnes of CO₂-equivalent,Direct CO₂e emissions,plain
hudbay minerals inc_2020_report,scope_1,2019,161.0,kilotonnes of CO₂-equivalent,Direct CO₂e emissions,plain
hudbay minerals inc_2020_report,scope_1,2018,170.0,kilotonnes of CO₂-equivalent,Direct CO₂e emissions,plain
hudbay minerals inc_2020_report,scope_1,2017,177.0,kilotonnes of CO₂-equivalent,Direct CO₂e emissions,plain
hudbay minerals inc_2020_report,scope_2_market_based,2020,367.0,kilotonnes of CO₂-equivalent,Indirect CO₂e emissions,plain
hudbay minerals inc_2020_report,scope_2_market_based,2019,402.0,kilotonnes of CO₂-equivalent,Indirect CO₂e emissions,plain
hudbay minerals inc_2020_report,scope_2_market_based,2018,403.0,kilotonnes of CO₂-equivalent,Indirect CO₂e emissions,plain
hudbay minerals inc_2020_report,scope_2_market_based,2017,363.0,kilotonnes of CO₂-equivalent,Indirect CO₂e emissions,plain
huhtamaki_2018_report,scope_1,2014,188000.0,metric tons CO₂ eqv,Direct (Scope 1) GHG emissions,plain
huhtamaki_2018_report,scope_1,2015,191000.0,metric tons CO₂ eqv,Direct (Scope 1) GHG emissions,plain
huhtamaki_2018_report,scope_1,2016,198000.0,metric tons CO₂ eqv,Direct (Scope 1) GHG emissions,plain
huhtamaki_2018_report,scope_1,2017,207000.0,metric tons CO₂ eqv,Direct (Scope 1) GHG emissions,plain
huhtamaki_2018_report,scope_1,2018,207000.0,metric tons CO₂ eqv,Direct (Scope 1) GHG emissions,plain
huhtamaki_2018_report,scope_2_market_based,2014,479000.0,metric tons CO₂ eqv,Energy indirect (Scope 2) GHG emissions,plain
huhtamaki_2018_report,scope_2_market_based,2015,487000.0,metric tons CO₂ eqv,Energy indirect (Scope 2) GHG emissions,plain
huhtamaki_2018_report,scope_2_market_based,2016,526000.0,metric tons CO₂ eqv,Energy indirect (Scope 2) GHG emissions,plain
huhtamaki_2018_report,scope_2_market_based,2017,549000.0,metric tons CO₂ eqv,Energy indirect (Scope 2) GHG emissions,plain
huhtamaki_2018_report,scope_2_market_based,2018,559000.0,metric tons CO₂ eqv,Energy indirect (Scope 2) GHG emissions,plain
huhtamaki_2019_report,scope_1,2015,191000.0,metric tons CO2 EQV,Scope 1,plain
huhtamaki_2019_report,scope_1,2016,198000.0,metric tons CO2 EQV,Scope 1,plain
huhtamaki_2019_report,scope_1,2017,207000.0,metric tons CO2 EQV,Scope 1,plain
huhtamaki_2019_report,scope_1,2018,207000.0,metric tons CO2 EQV,Scope 1,plain
huhtamaki_2019_report,scope_1,2019,219000.0,metric tons CO2 EQV,Scope 1,plain
huhtamaki_2019_report,scope_2_location_based,2015,484000.0,metric tons CO2 EQV,Scope 2,plain
huhtamaki_2019_report,scope_2_location_based,2016,512000.0,metric tons CO2 EQV,Scope 2,plain
huhtamaki_2019_report,scope_2_location_based,2017,534000.0,metric tons CO2 EQV,Scope 2,plain
huhtamaki_2019_report,scope_2_location_based,2018,544000.0,metric tons CO2 EQV,Scope 2,plain
huhtamaki_2019_report,scope_2_location_based,2019,546000.0,metric tons CO2 EQV,Scope 2,plain
inchcape plc_2022_report,scope_1,2022,3617.0,tCO2e,Scope 1 Emissions (tCO2e),plain
inchcape plc_2022_report,scope_1,2022,216.0,tCO2e,"Scope 1 Emissions (Fugitive, tCO2e)",plain
inchcape plc_2022_report,scope_1,2021,2486.0,tCO2e,Scope 1 Emissions (tCO2e),plain
inchcape plc_2022_report,scope_2_market_based,2022,2886.0,tCO2e,"Scope 2 Emissions (Location-based, tCO2e)",plain
inchcape plc_2022_report,scope_2_market_based,2021,3689.0,tCO2e,"Scope 2 Emissions (Location-based, tCO2e)",plain
inchcape plc_2022_report,scope_2_location_based,2022,2886.0,tCO2e,"Scope 2 Emissions (Location-based, tCO2e)",plain
inchcape plc_2022_report,scope_2_location_based,2021,3689.0,tCO2e,"Scope 2 Emissions (Location-based, tCO2e)",plain
inchcape plc_2022_report,scope_3,2022,2975.0,tCO2e,"Scope 3 Emissions (Business Travel & Upstream Transport, tCO2e)",plain
inchcape plc_2022_report,scope_3,2021,9221.0,tCO2e,"Scope 3 Emissions (Business Travel & Upstream Transport, tCO2e)",plain
innospec inc_2020_report,scope_1,2020,51728.0,metric tonnes CO2 equivalent,Absolute GHG Emissions (Scope 1 and 2*),plain
innospec inc_2020_report,scope_2_market_based,2020,51728.0,metric tonnes CO2 equivalent,Absolute GHG Emissions (Scope 1 and 2*),plain
innospec inc_2020_report,scope_2_location_based,2020,51728.0,metric tonnes CO2 equivalent,Absolute GHG Emissions (Scope 1 and 2*),plain
jetblue airways corp_2019_report,scope_1,2015,6903710.0,tCO2e,Direct (Scope 1) Subtotal,plain
jetblue airways corp_2019_report,scope_1,2016,7491616.0,tCO2e,Direct (Scope 1) Subtotal,plain
jetblue airways corp_2019_report,scope_1,2017,7809488.0,tCO2e,Direct (Scope 1) Subtotal,plain
jetblue airways corp_2019_report,scope_1,2018,8370944.0,tCO2e,Direct (Scope 1) Subtotal,plain
jetblue airways corp_2019_report,scope_1,2019,8730756.0,tCO2e,Direct (Scope 1) Subtotal,plain
jetblue airways corp_2019_report,scope_2_market_based,2015,25768.0,tCO2e,Indirect Energy (Scope 2) Subtotal,plain
jetblue airways corp_2019_report,scope_2_market_based,2016,27702.0,tCO2e,Indirect Energy (Scope 2) Subtotal,plain
jetblue airways corp_2019_report,scope_2_market_based,2017,26521.0,tCO2e,Indirect Energy (Scope 2) Subtotal,plain
jetblue airways corp_2019_report,scope_2_market_based,2018,26656.0,tCO2e,Indirect Energy (Scope 2) Subtotal,plain
jetblue airways corp_2019_report,scope_2_market_based,2019,25944.0,tCO2e,Indirect Energy (Scope 2) Subtotal,plain
jetblue airways corp_2019_report,scope_3,2015,1402791.0,tCO2e,Indirect Other (Scope 3) Subtotal,plain
jetblue airways corp_2019_report,scope_3,2016,1522142.0,tCO2e,Indirect Other (Scope 3) Subtotal,plain
jetblue airways corp_2019_report,scope_3,2017,1586368.0,tCO2e,Indirect Other (Scope 3) Subtotal,plain
jetblue airways corp_2019_report,scope_3,2018,1698105.0,tCO2e,Indirect Other (Scope 3) Subtotal,plain
jetblue airways corp_2019_report,scope_3,2019,1772985.0,tCO2e,Indirect Other (Scope 3) Subtotal,plain
jpmorgan chase_2020_report,scope_1,2020,69570.0,MtCO2e,Total Scope 1 – direct,plain
jpmorgan chase_2020_report,scope_1,2019,81655.0,MtCO2e,Total Scope 1 – direct,plain
jpmorgan chase_2020_report,scope_1,2018,83101.0,MtCO2e,Total Scope 1 – direct,plain
jpmorgan chase_2020_report,scope_1,2017,78229.0,MtCO2e,Total Scope 1 – direct,plain
jpmorgan chase_2020_report,scope_2_market_based,2020,4187.0,MtCO2e,Total Scope 2 (market) – indirect,plain
jpmorgan chase_2020_report,scope_2_market_based,2019,556142.0,MtCO2e,Total Scope 2 (market) – indirect,plain
jpmorgan chase_2020_report,scope_2_market_based,2018,572067.0,MtCO2e,Total Scope 2 (market) – indirect,plain
jpmorgan chase_2020_report,scope_2_market_based,2017,596843.0,MtCO2e,Total Scope 2 (market) – indirect,plain
jpmorgan chase_2020_report,scope_2_location_based,2020,660601.0,MtCO2e,Total Scope 2 (location) – indirect,plain
jpmorgan chase_2020_report,scope_2_location_based,2019,692299.0,MtCO2e,Total Scope 2 (location) – indirect,plain
jpmorgan chase_2020_report,scope_2_location_based,2018,739458.0,MtCO2e,Total Scope 2 (location) – indirect,plain
jpmorgan chase_2020_report,scope_2_location_based,2017,770704.0,MtCO2e,Total Scope 2 (location) – indirect,plain
jpmorgan chase_2020_report,scope_3,2020,36169.0,MtCO2e,Total Scope 3 (category 6 – business travel),plain
jpmorgan chase_2020_report,scope_3,2019,181004.0,MtCO2e,Total Scope 3 (category 6 – business travel),plain
jpmorgan chase_2020_report,scope_3,2018,176356.0,MtCO2e,Total Scope 3 (category 6 – business travel),plain
jpmorgan chase_2020_report,scope_3,2017,187020.0,MtCO2e,Total Scope 3 (category 6 – business travel),plain
kfw_2018_report,scope_1,2014,4636.0,tonnes,Emissions from direct energy consumption (Scope 1),plain
kfw_2018_report,scope_1,2015,5095.0,tonnes,Emissions from direct energy consumption (Scope 1),plain
kfw_2018_report,scope_1,2016,5260.0,tonnes,Emissions from direct energy consumption (Scope 1),plain
kfw_2018_report,scope_1,2017,5616.0,tonnes,Emissions from direct energy consumption (Scope 1),plain
kfw_2018_report,scope_1,2018,5571.0,tonnes,Emissions from direct energy consumption (Scope 1),plain
kfw_2018_report,scope_2_market_based,2017,16257.0,tonnes,"Market-based, 2017",plain
kfw_2018_report,scope_2_market_based,2018,7732.0,tonnes,"Market-based, 2018",plain
kfw_2018_report,scope_2_location_based,2017,16592.0,tonnes,"Location-based, 2017",plain
kfw_2018_report,scope_2_location_based,2018,9564.0,tonnes,"Location-based, 2018",plain
kfw_2018_report,scope_3,2014,9446.0,tonnes,Total business travel (Scope 3),plain
kfw_2018_report,scope_3,2015,7394.0,tonnes,Total business travel (Scope 3),plain
kfw_2018_report,scope_3,2016,7411.0,tonnes,Total business travel (Scope 3),plain
kfw_2018_report,scope_3,2017,8208.0,tonnes,Total business travel (Scope 3),plain
kfw_2018_report,scope_3,2018,8665.0,tonnes,Total business travel (Scope 3),plain
kilroy realty_2017_report,scope_1,2017,4641.0,metric tons of CO2e,Whole Portfolio,plain
kilroy realty_2017_report,scope_1,2017,4165.0,Tonnes,Office,plain
kilroy realty_2017_report,scope_1,2017,476.0,Tonnes,Life Sciences,plain
kilroy realty_2017_report,scope_1,2016,4059.0,metric tons of CO2e,Whole Portfolio,plain
kilroy realty_2017_report,scope_1,2016,3696.0,Tonnes,Office,plain
kilroy realty_2017_report,scope_1,2016,363.0,Tonnes,Life Sciences,plain
kilroy realty_2017_report,scope_2_market_based,2017,42947.0,metric tons of CO2e,Whole Portfolio,plain
kilroy realty_2017_report,scope_2_market_based,2017,39516.0,Tonnes,Office,plain
kilroy realty_2017_report,scope_2_market_based,2017,4489.0,Tonnes,Life Sciences,plain
kilroy realty_2017_report,scope_2_market_based,2016,44145.0,metric tons of CO2e,Whole Portfolio,plain
kilroy realty_2017_report,scope_2_market_based,2016,39670.0,Tonnes,Office,plain
kilroy realty_2017_report,scope_2_market_based,2016,4475.0,Tonnes,Life Sciences,plain
kilroy realty_2018_report,scope_1,2017,3647.0,Tonnes,Office,plain
kilroy realty_2018_report,scope_1,2017,472.0,Tonnes,Life Sciences,plain
kilroy realty_2018_report,scope_1,2017,4120.0,Tonnes,Whole Portfolio,plain
kilroy realty_2018_report,scope_1,2018,3493.0,Tonnes,Office,plain
kilroy realty_2018_report,scope_1,2018,415.0,Tonnes,Life Sciences,plain
kilroy realty_2018_report,scope_1,2018,3908.0,Tonnes,Whole Portfolio,plain
kilroy realty_2018_report,scope_1,2018,3908.0,MtCO2e,Data Verified,plain
kilroy realty_2018_report,scope_1,2018,3782.0,MtCO2e,2018 Like for Like,plain
kilroy realty_2018_report,scope_2_market_based,2017,31565.0,Tonnes,Office,plain
kilroy realty_2018_report,scope_2_market_based,2017,4170.0,Tonnes,Life Sciences,plain
kilroy realty_2018_report,scope_2_market_based,2017,35735.0,Tonnes,Whole Portfolio,plain
kilroy realty_2018_report,scope_2_market_based,2018,26328.0,Tonnes,Office,plain
kilroy realty_2018_report,scope_2_market_based,2018,4112.0,Tonnes,Life Sciences,plain
kilroy realty_2018_report,scope_2_market_based,2018,30439.0,Tonnes,Whole Portfolio,plain
kilroy realty_2018_report,scope_2_market_based,2018,30439.0,MtCO2e,Data Verified,plain
kilroy realty_2018_report,scope_2_market_based,2018,28568.0,MtCO2e,2018 Like for Like,plain
kilroy realty_2018_report,scope_2_location_based,2017,32335.0,Tonnes,Office,plain
kilroy realty_2018_report,scope_2_location_based,2017,4170.0,Tonnes,Life Sciences,plain
kilroy realty_2018_report,scope_2_location_based,2017,36504.0,Tonnes,Whole Portfolio,plain
kilroy realty_2018_report,scope_2_location_based,2018,29095.0,Tonnes,Office,plain
kilroy realty_2018_report,scope_2_location_based,2018,4112.0,Tonnes,Life Sciences,plain
kilroy realty_2018_report,scope_2_location_based,2018,33207.0,Tonnes,Whole Portfolio,plain
kilroy realty_2018_report,scope_2_location_based,2018,33207.0,MtCO2e,Data Verified,plain
kilroy realty_2018_report,scope_2_location_based,2018,31336.0,MtCO2e,2018 Like for Like,plain
kilroy realty_2018_report,scope_3,2018,31984.0,MtCO2e,Data Verified,plain
kilroy realty_2018_report,scope_3,2018,25961.0,MtCO2e,2018 Like for Like,plain
kureha corp_2020_report,scope_1,2017,363.0,"1,000 t CO2",CO2 Emissions and Scope Breakdown (Kureha),plain
kureha corp_2020_report,scope_1,2018,338.0,"1,000 t CO2",CO2 Emissions and Scope Breakdown (Kureha),plain
kureha corp_2020_report,scope_1,2019,356.0,"1,000 t CO2",CO2 Emissions and Scope Breakdown (Kureha),plain
kureha corp_2020_report,scope_2_market_based,2017,34.0,"1,000 t CO2",CO2 Emissions and Scope Breakdown (Kureha),plain
kureha corp_2020_report,scope_2_market_based,2018,42.0,"1,000 t CO2",CO2 Emissions and Scope Breakdown (Kureha),plain
kureha corp_2020_report,scope_2_market_based,2019,31.0,"1,000 t CO2",CO2 Emissions and Scope Breakdown (Kureha),plain
kureha corp_2020_report,scope_3,2017,7.0,"1,000 t CO2",CO2 Emissions and Scope Breakdown (Kureha),plain
kureha corp_2020_report,scope_3,2018,7.0,"1,000 t CO2",CO2 Emissions and Scope Breakdown (Kureha),plain
kureha corp_2020_report,scope_3,2019,6.0,"1,000 t CO2",CO2 Emissions and Scope Breakdown (Kureha),plain
lundin gold inc_2021_report,scope_1,2021,25399.0,tCO2e,Total Scope 1 emissions,plain
lundin gold inc_2021_report,scope_1,2021,25014.0,tCO2e,Fruta del Norte (FDN),plain
lundin gold inc_2021_report,scope_1,2021,385.0,tCO2e,Exploration,plain
lundin gold inc_2021_report,scope_2_market_based,2021,24170.0,tCO2e,Total Scope 2 emissions,plain
lundin gold inc_2021_report,scope_2_market_based,2021,24097.0,tCO2e,Fruta del Norte (FDN),plain
lundin gold inc_2021_report,scope_2_market_based,2021,73.0,tCO2e,Ecuador Offices,plain
lundin gold inc_2021_report,scope_2_market_based,2021,0.1,tCO2e,Vancouver Offices,plain
lundin gold inc_2021_report,scope_3,2021,746750.0,tCO2e,Total Scope 3 emissions,plain
lundin gold inc_2021_report,scope_3,2021,746750.0,tCO2e,Fruta del Norte (FDN),plain
lundin gold inc_2022_report,scope_1,2022,24024.0,tCO2e,Total Scope 1,plain
lundin gold inc_2022_report,scope_1,2022,23011.0,tCO2e,Fruta del Norte Site,plain
lundin gold inc_2022_report,scope_1,2022,1013.0,tCO2e,Exploration,plain
lundin gold inc_2022_report,scope_1,2021,25354.0,tCO2e,Total Scope 1,plain
lundin gold inc_2022_report,scope_1,2021,24981.0,tCO2e,Fruta del Norte Site,plain
lundin gold inc_2022_report,scope_1,2021,373.0,tCO2e,Exploration,plain
lundin gold inc_2022_report,scope_2_market_based,2022,5576.0,tCO2e,Total Scope 2,plain
lundin gold inc_2022_report,scope_2_market_based,2022,5557.0,tCO2e,Fruta del Norte Site,plain
lundin gold inc_2022_report,scope_2_market_based,2022,19.0,tCO2e,Ecuador Offices,plain
lundin gold inc_2022_report,scope_2_market_based,2021,5413.0,tCO2e,Total Scope 2,plain
lundin gold inc_2022_report,scope_2_market_based,2021,5397.0,tCO2e,Fruta del Norte Site,plain
lundin gold inc_2022_report,scope_2_market_based,2021,16.0,tCO2e,Ecuador Offices,plain
lundin gold inc_2022_report,scope_3,2022,166742.0,tCO2e,Total Scope 3,plain
lundin gold inc_2022_report,scope_3,2021,193764.0,tCO2e,Total Scope 3,plain
metro ag_2022_report,scope_1,2022,266631.8,Metric tons (t) CO₂e,Direct (Scope 1) GHG emissions,plain
metro ag_2022_report,scope_1,2022,167592.4,Metric tons (t) CO₂e,Gross global Scope 1 emissions from refrigerants,plain
metro ag_2022_report,scope_1,2021,264654.8,Metric tons (t) CO₂e,Direct (Scope 1) GHG emissions,plain
metro ag_2022_report,scope_1,2021,167028.2,Metric tons (t) CO₂e,Gross global Scope 1 emissions from refrigerants,plain
metro ag_2022_report,scope_1,2020,270761.0,Metric tons (t) CO₂e,Direct (Scope 1) GHG emissions,plain
metro ag_2022_report,scope_1,2020,170163.0,Metric tons (t) CO₂e,Gross global Scope 1 emissions from refrigerants,plain
metro ag_2022_report,scope_2_market_based,2022,14785.4,Metric tons (t) CO₂e,Energy indirect (Scope 2) GHG emissions,plain
metro ag_2022_report,scope_2_market_based,2021,14668.3,Metric tons (t) CO₂e,Energy indirect (Scope 2) GHG emissions,plain
metro ag_2022_report,scope_2_market_based,2020,17872.0,Metric tons (t) CO₂e,Energy indirect (Scope 2) GHG emissions,plain
metro ag_2022_report,scope_3,2022,114172.7,Metric tons (t) CO₂e,"Other indirect (Scope 3) GHG emissions for the categories: Business Travel, Waste and Upstream Transportation",plain
metro ag_2022_report,scope_3,2021,116700.4,Metric tons (t) CO₂e,"Other indirect (Scope 3) GHG emissions for the categories: Business Travel, Waste and Upstream Transportation",plain
metro ag_2022_report,scope_3,2020,114503.4,Metric tons (t) CO₂e,"Other indirect (Scope 3) GHG emissions for the categories: Business Travel, Waste and Upstream Transportation",plain
morinaga ltd_2020_report,scope_1,2018,20794.0,t-CO2e,Total,fy_end_month_fallback
morinaga ltd_2020_report,scope_1,2019,20794.0,t-CO2e,Total,fy_end_month_fallback
morinaga ltd_2020_report,scope_1,2020,20794.0,t-CO2e,Total,fy_end_month_fallback
morinaga ltd_2020_report,scope_2_market_based,2018,52024.0,t-CO2e,Total,fy_end_month_fallback
morinaga ltd_2020_report,scope_2_market_based,2019,52024.0,t-CO2e,Total,fy_end_month_fallback
morinaga ltd_2020_report,scope_2_market_based,2020,52024.0,t-CO2e,Total,fy_end_month_fallback
morinaga ltd_2020_report,scope_2_location_based,2018,49605.0,t-CO2e,Total,fy_end_month_fallback
morinaga ltd_2020_report,scope_2_location_based,2019,49605.0,t-CO2e,Total,fy_end_month_fallback
morinaga ltd_2020_report,scope_2_location_based,2020,49605.0,t-CO2e,Total,fy_end_month_fallback
morinaga ltd_2020_report,scope_3,2018,248003.0,t-CO2e,Category 1: Purchased goods and services,fy_end_month_fallback
morinaga ltd_2020_report,scope_3,2018,122971.0,t-CO2e,Category 2: Capital goods,fy_end_month_fallback
morinaga ltd_2020_report,scope_3,2018,3774.0,t-CO2e,Category 3: Fuel- and energy-related activities,fy_end_month_fallback
morinaga ltd_2020_report,scope_3,2018,15809.0,t-CO2e,Category 4: Upstream transportation and distribution,fy_end_month_fallback
morinaga ltd_2020_report,scope_3,2018,4176.0,t-CO2e,Category 5: Waste generated in operations,fy_end_month_fallback
morinaga ltd_2020_report,scope_3,2018,618.0,t-CO2e,Category 6: Business travel,fy_end_month_fallback
morinaga ltd_2020_report,scope_3,2018,1607.0,t-CO2e,Category 7: Employee commuting,fy_end_month_fallback
morinaga ltd_2020_report,scope_3,2018,557.0,t-CO2e,Category 8: Upstream leased assets,fy_end_month_fallback
morinaga ltd_2020_report,scope_3,2018,6603.0,t-CO2e,Category 12: Disposal of sold products,fy_end_month_fallback
morinaga ltd_2020_report,scope_3,2019,248003.0,t-CO2e,Category 1: Purchased goods and services,fy_end_month_fallback
morinaga ltd_2020_report,scope_3,2019,122971.0,t-CO2e,Category 2: Capital goods,fy_end_month_fallback
morinaga ltd_2020_report,scope_3,2019,3774.0,t-CO2e,Category 3: Fuel- and energy-related activities,fy_end_month_fallback
morinaga ltd_2020_report,scope_3,2019,15809.0,t-CO2e,Category 4: Upstream transportation and distribution,fy_end_month_fallback
morinaga ltd_2020_report,scope_3,2019,4176.0,t-CO2e,Category 5: Waste generated in operations,fy_end_month_fallback
morinaga ltd_2020_report,scope_3,2019,618.0,t-CO2e,Category 6: Business travel,fy_end_month_fallback
morinaga ltd_2020_report,scope_3,2019,1607.0,t-CO2e,Category 7: Employee commuting,fy_end_month_fallback
morinaga ltd_2020_report,scope_3,2019,557.0,t-CO2e,Category 8: Upstream leased assets,fy_end_month_fallback
morinaga ltd_2020_report,scope_3,2019,6603.0,t-CO2e,Category 12: Disposal of sold products,fy_end_month_fallback
morinaga ltd_2020_report,scope_3,2020,248003.0,t-CO2e,Category 1: Purchased goods and services,fy_end_month_fallback
morinaga ltd_2020_report,scope_3,2020,122971.0,t-CO2e,Category 2: Capital goods,fy_end_month_fallback
morinaga ltd_2020_report,scope_3,2020,3774.0,t-CO2e,Category 3: Fuel- and energy-related activities,fy_end_month_fallback
morinaga ltd_2020_report,scope_3,2020,15809.0,t-CO2e,Category 4: Upstream transportation and distribution,fy_end_month_fallback
morinaga ltd_2020_report,scope_3,2020,4176.0,t-CO2e,Category 5: Waste generated in operations,fy_end_month_fallback
morinaga ltd_2020_report,scope_3,2020,618.0,t-CO2e,Category 6: Business travel,fy_end_month_fallback
morinaga ltd_2020_report,scope_3,2020,1607.0,t-CO2e,Category 7: Employee commuting,fy_end_month_fallback
morinaga ltd_2020_report,scope_3,2020,557.0,t-CO2e,Category 8: Upstream leased assets,fy_end_month_fallback
morinaga ltd_2020_report,scope_3,2020,6603.0,t-CO2e,Category 12: Disposal of sold products,fy_end_month_fallback
nippn corp_2022_report,scope_1,2018,78.6,"1,000 t-CO2",CO2 emissions (Japan and overseas),plain
nippn corp_2022_report,scope_1,2019,81.3,"1,000 t-CO2",CO2 emissions (Japan and overseas),plain
nippn corp_2022_report,scope_1,2020,85.5,"1,000 t-CO2",CO2 emissions (Japan and overseas),plain
nippn corp_2022_report,scope_1,2021,84.5,"1,000 t-CO2",CO2 emissions (Japan and overseas),plain
nippn corp_2022_report,scope_1,2022,86.0,"1,000 t-CO2",CO2 emissions (Japan and overseas),plain
nippn corp_2022_report,scope_2_market_based,2018,148.0,"1,000 t-CO2",CO2 emissions (Japan and overseas),plain
nippn corp_2022_report,scope_2_market_based,2019,155.0,"1,000 t-CO2",CO2 emissions (Japan and overseas),plain
nippn corp_2022_report,scope_2_market_based,2020,163.0,"1,000 t-CO2",CO2 emissions (Japan and overseas),plain
nippn corp_2022_report,scope_2_market_based,2021,157.0,"1,000 t-CO2",CO2 emissions (Japan and overseas),plain
nippn corp_2022_report,scope_2_market_based,2022,162.0,"1,000 t-CO2",CO2 emissions (Japan and overseas),plain
nippn corp_2022_report,scope_3,2022,48.0,kt-CO2,CO2 Emissions in Logistics,plain
nok corporation_2021_report,scope_1,2020,38.0,"1,000 tons-CO2",Scope 1 (Fuel),plain
nok corporation_2021_report,scope_2_market_based,2020,602.0,"1,000 tons-CO2",Scope 2 (Electricity/heat),plain
nok corporation_2021_report,scope_3,2020,268547.0,"1,000 tons-CO2",Scope 3 (Indirect Emissions),plain
nordea_2017_report,scope_1,2017,51.0,tonnes,diesel generators (scope 1),plain
nordea_2017_report,scope_1,2016,48.0,tonnes,diesel generators (scope 1),plain
nordea_2017_report,scope_2_market_based,2017,3187.0,tonnes,"electricity, heating, district cooling (scope 2)",plain
nordea_2017_report,scope_2_market_based,2016,3409.0,tonnes,"electricity, heating, district cooling (scope 2)",plain
nordea_2017_report,scope_3,2017,19500.0,tonnes,business travel (scope 3),plain
nordea_2017_report,scope_3,2016,13576.0,tonnes,business travel (scope 3),plain
polaris_2021_report,scope_1,2019,33.0,tCO2e,TOTAL PORTFOLIO,plain
polaris_2021_report,scope_1,2020,7.479,tCO2e,TOTAL PORTFOLIO,plain
polaris_2021_report,scope_1,2021,7.222,tCO2e,TOTAL PORTFOLIO,plain
polaris_2021_report,scope_2_market_based,2019,353.0,tCO2e,TOTAL PORTFOLIO,plain
polaris_2021_report,scope_2_market_based,2020,2.846,tCO2e,TOTAL PORTFOLIO,plain
polaris_2021_report,scope_2_market_based,2021,3.21,tCO2e,TOTAL PORTFOLIO,plain
polaris_2021_report,scope_2_location_based,2019,353.0,tCO2e,TOTAL PORTFOLIO,plain
polaris_2021_report,scope_2_location_based,2020,2.664,tCO2e,TOTAL PORTFOLIO,plain
polaris_2021_report,scope_2_location_based,2021,3.069,tCO2e,TOTAL PORTFOLIO,plain
polaris_2021_report,scope_3,2019,13.668,tCO2e,TOTAL PORTFOLIO,plain
polaris_2021_report,scope_3,2020,26.642,tCO2e,TOTAL PORTFOLIO,plain
polaris_2021_report,scope_3,2021,78.294,tCO2e,TOTAL PORTFOLIO,plain
salzgitter ag_2018_report,scope_1,2018,8710.0,kt CO₂,Direct GHG emissions from operating plants (Scope 1),plain
salzgitter ag_2018_report,scope_1,2017,8470.0,kt CO₂,Direct GHG emissions from operating plants (Scope 1),plain
salzgitter ag_2018_report,scope_2_market_based,2018,600.0,kt CO₂,Indirect GHG emissions (Scope 2),plain
salzgitter ag_2018_report,scope_2_market_based,2017,693.0,kt CO₂,Indirect GHG emissions (Scope 2),plain
salzgitter ag_2018_report,scope_3,2018,1508.0,kt CO₂,Other indirect GHG emissions from feedstock purchase (Scope 3),plain
salzgitter ag_2018_report,scope_3,2017,1362.0,kt CO₂,Other indirect GHG emissions from feedstock purchase (Scope 3),plain
sato oyj_2022_report,scope_1,2015,135.0,t CO2-e,GRI 305-1 Direct greenhouse gas emissions (scope 1),plain
sato oyj_2022_report,scope_1,2016,170.0,t CO2-e,GRI 305-1 Direct greenhouse gas emissions (scope 1),plain
sato oyj_2022_report,scope_1,2017,214.0,t CO2-e,GRI 305-1 Direct greenhouse gas emissions (scope 1),plain
sato oyj_2022_report,scope_1,2018,179.0,t CO2-e,GRI 305-1 Direct greenhouse gas emissions (scope 1),plain
sato oyj_2022_report,scope_1,2019,177.0,t CO2-e,GRI 305-1 Direct greenhouse gas emissions (scope 1),plain
sato oyj_2022_report,scope_1,2020,147.0,t CO2-e,GRI 305-1 Direct greenhouse gas emissions (scope 1),plain
sato oyj_2022_report,scope_1,2021,105.0,t CO2-e,GRI 305-1 Direct greenhouse gas emissions (scope 1),plain
sato oyj_2022_report,scope_1,2022,20.0,t CO2-e,GRI 305-1 Direct greenhouse gas emissions (scope 1),plain
sato oyj_2022_report,scope_2_market_based,2015,37674.0,t CO2-e,Indirect greenhouse gas emissions (market-based),plain
sato oyj_2022_report,scope_2_market_based,2016,48560.0,t CO2-e,Indirect greenhouse gas emissions (market-based),plain
sato oyj_2022_report,scope_2_market_based,2017,39430.0,t CO2-e,Indirect greenhouse gas emissions (market-based),plain
sato oyj_2022_report,scope_2_market_based,2018,36728.0,t CO2-e,Indirect greenhouse gas emissions (market-based),plain
sato oyj_2022_report,scope_2_market_based,2019,34292.0,t CO2-e,Indirect greenhouse gas emissions (market-based),plain
sato oyj_2022_report,scope_2_market_based,2020,30915.0,t CO2-e,Indirect greenhouse gas emissions (market-based),plain
sato oyj_2022_report,scope_2_market_based,2021,43349.0,t CO2-e,Indirect greenhouse gas emissions (market-based),plain
sato oyj_2022_report,scope_2_market_based,2022,37920.0,t CO2-e,Indirect greenhouse gas emissions (market-based),plain
sato oyj_2022_report,scope_2_location_based,2015,41962.0,t CO2-e,Indirect greenhouse gas emissions (location-based),plain
sato oyj_2022_report,scope_2_location_based,2016,52583.0,t CO2-e,Indirect greenhouse gas emissions (location-based),plain
sato oyj_2022_report,scope_2_location_based,2017,43163.0,t CO2-e,Indirect greenhouse gas emissions (location-based),plain
sato oyj_2022_report,scope_2_location_based,2018,40152.0,t CO2-e,Indirect greenhouse gas emissions (location-based),plain
sato oyj_2022_report,scope_2_location_based,2019,37468.0,t CO2-e,Indirect greenhouse gas emissions (location-based),plain
sato oyj_2022_report,scope_2_location_based,2020,34456.0,t CO2-e,Indirect greenhouse gas emissions (location-based),plain
sato oyj_2022_report,scope_2_location_based,2021,45754.0,t CO2-e,Indirect greenhouse gas emissions (location-based),plain
sato oyj_2022_report,scope_2_location_based,2022,40393.0,t CO2-e,Indirect greenhouse gas emissions (location-based),plain
sato oyj_2022_report,scope_3,2015,1834.0,t CO2-e,GRI-305-3 Other indirect greenhouse gas emissions (scope 3),plain
sato oyj_2022_report,scope_3,2016,948.0,t CO2-e,GRI-305-3 Other indirect greenhouse gas emissions (scope 3),plain
sato oyj_2022_report,scope_3,2017,240.0,t CO2-e,GRI-305-3 Other indirect greenhouse gas emissions (scope 3),plain
sato oyj_2022_report,scope_3,2018,49.0,t CO2-e,GRI-305-3 Other indirect greenhouse gas emissions (scope 3),plain
sato oyj_2022_report,scope_3,2019,46.0,t CO2-e,GRI-305-3 Other indirect greenhouse gas emissions (scope 3),plain
sato oyj_2022_report,scope_3,2020,37.0,t CO2-e,GRI-305-3 Other indirect greenhouse gas emissions (scope 3),plain
sato oyj_2022_report,scope_3,2021,49.0,t CO2-e,GRI-305-3 Other indirect greenhouse gas emissions (scope 3),plain
sato oyj_2022_report,scope_3,2022,49.0,t CO2-e,GRI-305-3 Other indirect greenhouse gas emissions (scope 3),plain
stantec inc_2019_report,scope_1,2019,7540.0,mtCO2e,GHG emissions: Direct (Scope 1),plain
stantec inc_2019_report,scope_1,2018,10333.0,mtCO2e,GHG emissions: Direct (Scope 1),plain
stantec inc_2019_report,scope_1,2017,9585.0,mtCO2e,GHG emissions: Direct (Scope 1),plain
stantec inc_2019_report,scope_2_market_based,2019,40726.0,mtCO2e,GHG emissions: energy indirect (Scope 2),plain
stantec inc_2019_report,scope_2_market_based,2018,37810.0,mtCO2e,GHG emissions: energy indirect (Scope 2),plain
stantec inc_2019_report,scope_2_market_based,2017,43228.0,mtCO2e,GHG emissions: energy indirect (Scope 2),plain
stantec inc_2019_report,scope_3,2019,29301.0,mtCO2e,GHG emissions: other indirect (Scope 3),plain
stantec inc_2019_report,scope_3,2018,29318.0,mtCO2e,GHG emissions: other indirect (Scope 3),plain
stantec inc_2019_report,scope_3,2017,26800.0,mtCO2e,GHG emissions: other indirect (Scope 3),plain
sumitomo corporation_2021_report,scope_1,2017,4926.0,t-CO2e,Non-consolidated,plain
sumitomo corporation_2021_report,scope_1,2017,1686654.0,t-CO2e,Consolidated,plain
sumitomo corporation_2021_report,scope_1,2017,934276.0,t-CO2e,Consolidated (Energy-related CO2),plain
sumitomo corporation_2021_report,scope_1,2018,4148.0,t-CO2e,Non-consolidated,plain
sumitomo corporation_2021_report,scope_1,2018,1569759.0,t-CO2e,Consolidated,plain
sumitomo corporation_2021_report,scope_1,2018,939346.0,t-CO2e,Consolidated (Energy-related CO2),plain
sumitomo corporation_2021_report,scope_1,2019,3233.0,t-CO2e,Non-consolidated,plain
sumitomo corporation_2021_report,scope_1,2019,1474885.0,t-CO2e,Consolidated,plain
sumitomo corporation_2021_report,scope_1,2019,791730.0,t-CO2e,Consolidated (Energy-related CO2),plain
sumitomo corporation_2021_report,scope_1,2020,2667.0,t-CO2e,Non-consolidated,plain
sumitomo corporation_2021_report,scope_1,2020,2179335.0,t-CO2e,Consolidated,plain
sumitomo corporation_2021_report,scope_1,2020,1522514.0,t-CO2e,Consolidated (Energy-related CO2),plain
sumitomo corporation_2021_report,scope_2_market_based,2017,752378.0,t-CO2e,Consolidated,plain
sumitomo corporation_2021_report,scope_2_market_based,2018,630412.0,t-CO2e,Consolidated,plain
sumitomo corporation_2021_report,scope_2_market_based,2019,683156.0,t-CO2e,Consolidated,plain
sumitomo corporation_2021_report,scope_2_market_based,2020,652611.0,t-CO2e,Consolidated,plain
sumitomo corporation_2021_report,scope_3,2017,7803.0,t-CO2e,Logistics,plain
sumitomo corporation_2021_report,scope_3,2017,6.0,t-CO2e,Waste,plain
sumitomo corporation_2021_report,scope_3,2017,28569.0,t-CO2e,Overseas Business Trips,plain
sumitomo corporation_2021_report,scope_3,2017,709.0,t-CO2e,Commuting,plain
sumitomo corporation_2021_report,scope_3,2017,36894.0,t-CO2e,Downstream Leased Assets,plain
sumitomo corporation_2021_report,scope_3,2018,5216.0,t-CO2e,Logistics,plain
sumitomo corporation_2021_report,scope_3,2018,6.0,t-CO2e,Waste,plain
sumitomo corporation_2021_report,scope_3,2018,30232.0,t-CO2e,Overseas Business Trips,plain
sumitomo corporation_2021_report,scope_3,2018,636.0,t-CO2e,Commuting,plain
sumitomo corporation_2021_report,scope_3,2018,35230.0,t-CO2e,Downstream Leased Assets,plain
sumitomo corporation_2021_report,scope_3,2019,5501.0,t-CO2e,Logistics,plain
sumitomo corporation_2021_report,scope_3,2019,15.0,t-CO2e,Waste,plain
sumitomo corporation_2021_report,scope_3,2019,22400.0,t-CO2e,Overseas Business Trips,plain
sumitomo corporation_2021_report,scope_3,2019,609.0,t-CO2e,Commuting,plain
sumitomo corporation_2021_report,scope_3,2019,33662.0,t-CO2e,Downstream Leased Assets,plain
sumitomo corporation_2021_report,scope_3,2020,3875.0,t-CO2e,Logistics,plain
sumitomo corporation_2021_report,scope_3,2020,5.0,t-CO2e,Waste,plain
sumitomo corporation_2021_report,scope_3,2020,67.0,t-CO2e,Overseas Business Trips,plain
sumitomo corporation_2021_report,scope_3,2020,140.0,t-CO2e,Commuting,plain
sumitomo corporation_2021_report,scope_3,2020,30294.0,t-CO2e,Downstream Leased Assets,plain
toshiba tec corp_2022_report,scope_1,2020,3.0,thousand t-CO₂,Direct emissions (Scope 1),plain
toshiba tec corp_2022_report,scope_1,2021,3.1,thousand t-CO₂,Direct emissions (Scope 1),plain
toshiba tec corp_2022_report,scope_2_market_based,2020,48.8,thousand t-CO₂,Indirect emissions associated with energy use (Scope 2),plain
toshiba tec corp_2022_report,scope_2_market_based,2021,45.5,thousand t-CO₂,Indirect emissions associated with energy use (Scope 2),plain
toshiba tec corp_2022_report,scope_3,2020,486.3,thousand t-CO₂,Total Upstream and Downstream (Scope 3),plain
toshiba tec corp_2022_report,scope_3,2021,466.1,thousand t-CO₂,Total Upstream and Downstream (Scope 3),plain
uniper_2019_report,scope_1,2019,47.0,million metric tons of CO₂,Direct CO₂ emissions from fuel combustion (Total),plain
uniper_2019_report,scope_1,2018,59.5,million metric tons of CO₂,Direct CO₂ emissions from fuel combustion (Total),plain
uniper_2019_report,scope_1,2017,63.3,million metric tons of CO₂,Direct CO₂ emissions from fuel combustion (Total),plain
uniper_2019_report,scope_2_market_based,2019,1573672.0,metric t CO₂,Indirect CO₂ emissions (Total),plain
uniper_2019_report,scope_2_market_based,2018,1676689.0,metric t CO₂,Indirect CO₂ emissions (Total),plain
uniper_2019_report,scope_2_location_based,2019,1129277.0,metric t CO₂,Indirect CO₂ emissions (Total),plain
uniper_2019_report,scope_2_location_based,2018,1101032.0,metric t CO₂,Indirect CO₂ emissions (Total),plain
uniper_2019_report,scope_3,2019,8.7,million metric tons of CO₂,Upstream indirect Scope 3 CO₂ emissions,plain
uniper_2019_report,scope_3,2018,10.3,million metric tons of CO₂,Upstream indirect Scope 3 CO₂ emissions,plain
varta ag_2021_report,scope_1,2019,3598.0,CO₂ eq t,Scope 1,plain
varta ag_2021_report,scope_1,2020,4417.0,CO₂ eq t,Scope 1,plain
varta ag_2021_report,scope_1,2021,5894.0,CO₂ eq t,Scope 1,plain
varta ag_2021_report,scope_2_market_based,2019,10347.0,CO₂ eq t,Scope 2,plain
varta ag_2021_report,scope_2_market_based,2020,12296.0,CO₂ eq t,Scope 2,plain
varta ag_2021_report,scope_2_market_based,2021,1168.0,CO₂ eq t,Scope 2,plain
varta ag_2021_report,scope_2_location_based,2019,17038.0,CO₂ eq t,Scope 2 (location-based),plain
varta ag_2021_report,scope_2_location_based,2020,20885.0,CO₂ eq t,Scope 2 (location-based),plain
varta ag_2021_report,scope_2_location_based,2021,23503.0,CO₂ eq t,Scope 2 (location-based),plain
webuild_2019_report,scope_1,2017,566952.0,tCO2e,Direct emissions (Scope 1),plain
webuild_2019_report,scope_1,2018,467234.0,tCO2e,Direct emissions (Scope 1),plain
webuild_2019_report,scope_1,2019,350593.0,tCO2e,Direct emissions (Scope 1),plain
webuild_2019_report,scope_2_market_based,2017,43388.0,tCO2e,Indirect emissions (Scope 2),plain
webuild_2019_report,scope_2_market_based,2018,54637.0,tCO2e,Indirect emissions (Scope 2),plain
webuild_2019_report,scope_2_market_based,2019,43371.0,tCO2e,Indirect emissions (Scope 2),plain
webuild_2019_report,scope_3,2017,137577.0,tCO2e,Other indirect emissions (Scope 3),plain
webuild_2019_report,scope_3,2018,117528.0,tCO2e,Other indirect emissions (Scope 3),plain
webuild_2019_report,scope_3,2019,61573.0,tCO2e,Other indirect emissions (Scope 3),plain
